filename, Bear, Bird, Cat, Dog, Leopard, Otter
IMG_0093.jpg,0,1,0,0,0,0
IMG_1381.jpg,1,0,0,0,0,0
IMG_2216.jpg,0,0,0,1,0,0
IMG_1500.jpg,0,0,0,0,0,1
IMG_2934.jpg,0,1,0,0,0,0
IMG_0228.jpg,1,0,0,0,0,0
IMG_2060.jpg,1,0,0,0,0,0
IMG_2579.jpg,0,1,0,0,0,0
IMG_0234.jpg,1,0,0,0,0,0
IMG_1616.jpg,1,0,0,0,0,0
IMG_2859.jpg,0,0,0,1,0,0
IMG_0062.jpg,0,1,0,0,0,0
IMG_0587.jpg,0,1,0,0,0,0
IMG_1300.jpg,0,0,1,0,0,0
IMG_0379.jpg,0,0,1,0,0,0
IMG_1949.jpg,0,0,0,0,1,0
IMG_0568.jpg,0,1,0,0,0,0
IMG_1866.jpg,0,0,0,0,0,1
IMG_1218.jpg,0,1,0,0,0,0
IMG_0843.jpg,0,0,0,0,0,1
IMG_2467.jpg,0,1,0,0,0,0
IMG_2118.jpg,1,0,0,0,0,0
IMG_0822.jpg,0,0,0,0,0,1
IMG_2969.jpg,1,0,0,0,0,0
IMG_0861.jpg,0,0,0,0,0,1
IMG_1825.jpg,0,1,0,0,0,0
IMG_0723.jpg,0,0,0,0,0,1
IMG_0889.jpg,0,1,0,0,0,0
IMG_1644.jpg,0,0,0,0,0,1
IMG_0685.jpg,0,1,0,0,0,0
IMG_0131.jpg,0,1,0,0,0,0
IMG_1092.jpg,0,1,0,0,0,0
IMG_1085.jpg,0,0,0,0,0,1
IMG_0102.jpg,1,0,0,0,0,0
IMG_1052.jpg,0,0,0,0,0,1
IMG_0890.jpg,0,0,0,0,0,1
IMG_0809.jpg,0,1,0,0,0,0
IMG_0353.jpg,0,0,0,1,0,0
IMG_2235.jpg,0,0,0,1,0,0
IMG_2838.jpg,0,0,0,1,0,0
IMG_0377.jpg,0,0,1,0,0,0
IMG_0240.jpg,1,0,0,0,0,0
IMG_0077.jpg,0,1,0,0,0,0
IMG_0084.jpg,1,0,0,0,0,0
IMG_1617.jpg,0,0,0,0,1,0
IMG_1991.jpg,1,0,0,0,0,0
IMG_0920.jpg,0,0,0,0,0,1
IMG_0026.jpg,1,0,0,0,0,0
IMG_2997.jpg,1,0,0,0,0,0
IMG_1815.jpg,0,0,0,0,0,1
IMG_1457.jpg,0,1,0,0,0,0
IMG_0774.jpg,0,0,0,0,0,1
IMG_0015.jpg,0,0,0,1,0,0
IMG_0704.jpg,0,0,0,0,0,1
IMG_1045.jpg,0,0,0,0,0,1
IMG_1182.jpg,0,0,1,0,0,0
IMG_2886.jpg,1,0,0,0,0,0
IMG_0669.jpg,0,1,0,0,0,0
IMG_2291.jpg,0,0,0,0,1,0
IMG_2661.jpg,0,0,0,1,0,0
IMG_2525.jpg,0,0,0,0,1,0
IMG_2845.jpg,0,0,0,1,0,0
IMG_2777.jpg,0,0,0,1,0,0
IMG_1479.jpg,0,0,0,0,0,1
IMG_2365.jpg,0,1,0,0,0,0
IMG_2517.jpg,0,0,0,0,1,0
IMG_1434.jpg,0,0,0,0,0,1
IMG_1573.jpg,0,0,0,0,0,1
IMG_0147.jpg,1,0,0,0,0,0
IMG_1301.jpg,0,0,1,0,0,0
IMG_0812.jpg,0,0,0,0,0,1
IMG_0499.jpg,0,0,0,0,0,1
IMG_2193.jpg,0,0,0,0,1,0
IMG_0173.jpg,0,0,0,0,1,0
IMG_2548.jpg,0,0,0,1,0,0
IMG_1016.jpg,1,0,0,0,0,0
IMG_0584.jpg,0,1,0,0,0,0
IMG_1210.jpg,0,0,0,0,0,1
IMG_2473.jpg,0,1,0,0,0,0
IMG_0278.jpg,0,1,0,0,0,0
IMG_0143.jpg,1,0,0,0,0,0
IMG_1343.jpg,0,1,0,0,0,0
IMG_1235.jpg,0,0,0,0,0,1
IMG_1780.jpg,0,1,0,0,0,0
IMG_0998.jpg,0,1,0,0,0,0
IMG_1122.jpg,0,0,1,0,0,0
IMG_1859.jpg,0,1,0,0,0,0
IMG_2444.jpg,1,0,0,0,0,0
IMG_0251.jpg,1,0,0,0,0,0
IMG_1749.jpg,0,0,0,0,0,1
IMG_0729.jpg,0,0,0,0,0,1
IMG_2061.jpg,1,0,0,0,0,0
IMG_2774.jpg,0,0,1,0,0,0
IMG_2419.jpg,1,0,0,0,0,0
IMG_0844.jpg,1,0,0,0,0,0
IMG_0208.jpg,1,0,0,0,0,0
IMG_0461.jpg,0,1,0,0,0,0
IMG_2278.jpg,0,1,0,0,0,0
IMG_2877.jpg,0,0,0,0,1,0
IMG_1737.jpg,0,0,0,0,0,1
IMG_2292.jpg,0,0,0,0,1,0
IMG_1302.jpg,0,0,0,0,1,0
IMG_1017.jpg,1,0,0,0,0,0
IMG_0252.jpg,1,0,0,0,0,0
IMG_0748.jpg,1,0,0,0,0,0
IMG_1849.jpg,1,0,0,0,0,0
IMG_1265.jpg,0,0,0,0,0,1
IMG_0105.jpg,0,0,0,0,1,0
IMG_2656.jpg,1,0,0,0,0,0
IMG_1476.jpg,0,0,0,0,0,1
IMG_0522.jpg,0,0,0,0,0,1
IMG_2701.jpg,1,0,0,0,0,0
IMG_0153.jpg,1,0,0,0,0,0
IMG_2680.jpg,0,0,1,0,0,0
IMG_0402.jpg,1,0,0,0,0,0
IMG_0213.jpg,1,0,0,0,0,0
IMG_0307.jpg,0,0,1,0,0,0
IMG_1963.jpg,0,0,0,0,1,0
IMG_0542.jpg,0,0,0,0,0,1
IMG_2641.jpg,1,0,0,0,0,0
IMG_2895.jpg,0,0,0,0,1,0
IMG_2743.jpg,0,0,0,0,1,0
IMG_0404.jpg,1,0,0,0,0,0
IMG_2151.jpg,0,1,0,0,0,0
IMG_0050.jpg,0,0,0,1,0,0
IMG_2903.jpg,0,0,0,0,1,0
IMG_2481.jpg,0,0,0,1,0,0
IMG_2724.jpg,1,0,0,0,0,0
IMG_2511.jpg,1,0,0,0,0,0
IMG_0156.jpg,0,0,1,0,0,0
IMG_1514.jpg,0,0,0,0,0,1
IMG_2669.jpg,1,0,0,0,0,0
IMG_1078.jpg,0,0,0,0,0,1
IMG_0614.jpg,0,1,0,0,0,0
IMG_2623.jpg,0,0,1,0,0,0
IMG_1053.jpg,0,0,0,0,0,1
IMG_0011.jpg,1,0,0,0,0,0
IMG_2624.jpg,0,0,0,0,1,0
IMG_1665.jpg,0,0,0,0,1,0
IMG_1894.jpg,1,0,0,0,0,0
IMG_1497.jpg,0,0,0,0,1,0
IMG_1645.jpg,0,0,0,0,0,1
IMG_2822.jpg,0,0,1,0,0,0
IMG_1079.jpg,0,0,0,0,1,0
IMG_2634.jpg,0,0,0,1,0,0
IMG_0006.jpg,1,0,0,0,0,0
IMG_2054.jpg,0,1,0,0,0,0
IMG_1136.jpg,0,0,0,0,0,1
IMG_2804.jpg,0,0,1,0,0,0
IMG_2629.jpg,0,1,0,0,0,0
IMG_0158.jpg,1,0,0,0,0,0
IMG_0312.jpg,0,0,0,1,0,0
IMG_0554.jpg,0,0,0,0,1,0
IMG_2714.jpg,1,0,0,0,0,0
IMG_1268.jpg,0,1,0,0,0,0
IMG_0435.jpg,1,0,0,0,0,0
IMG_1183.jpg,0,0,0,1,0,0
IMG_2099.jpg,0,0,0,0,1,0
IMG_1028.jpg,1,0,0,0,0,0
IMG_0970.jpg,0,0,0,0,1,0
IMG_2778.jpg,0,0,0,1,0,0
IMG_2119.jpg,0,0,0,0,1,0
IMG_0272.jpg,0,1,0,0,0,0
IMG_0810.jpg,0,1,0,0,0,0
IMG_2322.jpg,0,0,0,1,0,0
IMG_2736.jpg,0,0,0,0,1,0
IMG_2279.jpg,0,1,0,0,0,0
IMG_0436.jpg,0,0,0,0,0,1
IMG_2175.jpg,1,0,0,0,0,0
IMG_2045.jpg,0,0,0,0,1,0
IMG_2088.jpg,0,0,0,0,0,1
IMG_0705.jpg,0,1,0,0,0,0
IMG_2715.jpg,1,0,0,0,0,0
IMG_0646.jpg,1,0,0,0,0,0
IMG_1458.jpg,0,0,0,0,1,0
IMG_2355.jpg,0,0,0,1,0,0
IMG_2856.jpg,0,0,0,1,0,0
IMG_0657.jpg,0,0,0,0,0,1
IMG_2561.jpg,1,0,0,0,0,0
IMG_2702.jpg,1,0,0,0,0,0
IMG_0036.jpg,0,0,0,0,1,0
IMG_2482.jpg,1,0,0,0,0,0
IMG_2982.jpg,1,0,0,0,0,0
IMG_2075.jpg,0,0,0,0,1,0
IMG_1689.jpg,0,0,0,0,0,1
IMG_1437.jpg,0,0,0,0,0,1
IMG_2909.jpg,1,0,0,0,0,0
IMG_1123.jpg,0,0,0,0,1,0
IMG_1666.jpg,1,0,0,0,0,0
IMG_0686.jpg,1,0,0,0,0,0
IMG_0322.jpg,1,0,0,0,0,0
IMG_2888.jpg,0,0,0,0,1,0
IMG_2142.jpg,0,1,0,0,0,0
IMG_0216.jpg,1,0,0,0,0,0
IMG_0132.jpg,0,1,0,0,0,0
IMG_2943.jpg,0,0,1,0,0,0
IMG_1082.jpg,0,0,0,0,0,1
IMG_0440.jpg,0,0,0,0,0,1
IMG_0201.jpg,1,0,0,0,0,0
IMG_0981.jpg,1,0,0,0,0,0
IMG_0658.jpg,0,1,0,0,0,0
IMG_2880.jpg,0,0,0,1,0,0
IMG_2994.jpg,1,0,0,0,0,0
IMG_0921.jpg,0,0,0,0,0,1
IMG_1394.jpg,0,0,0,0,0,1
IMG_0475.jpg,1,0,0,0,0,0
IMG_2420.jpg,0,0,0,0,1,0
IMG_2757.jpg,0,0,0,1,0,0
IMG_0207.jpg,0,1,0,0,0,0
IMG_1184.jpg,0,0,0,0,1,0
IMG_0098.jpg,0,1,0,0,0,0
IMG_0292.jpg,1,0,0,0,0,0
IMG_2289.jpg,0,0,0,0,1,0
IMG_1765.jpg,1,0,0,0,0,0
IMG_0485.jpg,1,0,0,0,0,0
IMG_0099.jpg,0,1,0,0,0,0
IMG_0069.jpg,0,1,0,0,0,0
IMG_0622.jpg,0,1,0,0,0,0
IMG_2120.jpg,0,0,0,0,0,1
IMG_1071.jpg,0,0,1,0,0,0
IMG_1446.jpg,0,0,0,0,0,1
IMG_1592.jpg,0,0,0,0,0,1
IMG_1236.jpg,0,0,0,0,0,1
IMG_1950.jpg,0,0,0,0,0,1
IMG_1443.jpg,0,0,0,0,0,1
IMG_1426.jpg,0,1,0,0,0,0
IMG_0431.jpg,1,0,0,0,0,0
IMG_2297.jpg,0,0,0,0,1,0
IMG_0128.jpg,0,0,0,1,0,0
IMG_1505.jpg,0,0,0,0,0,1
IMG_2210.jpg,1,0,0,0,0,0
IMG_0971.jpg,0,0,0,0,0,1
IMG_2323.jpg,0,1,0,0,0,0
IMG_1452.jpg,0,0,0,0,0,1
IMG_0670.jpg,1,0,0,0,0,0
IMG_2846.jpg,1,0,0,0,0,0
IMG_1955.jpg,1,0,0,0,0,0
IMG_2076.jpg,0,0,0,0,0,1
IMG_2916.jpg,0,1,0,0,0,0
IMG_0904.jpg,1,0,0,0,0,0
IMG_0171.jpg,0,0,0,0,1,0
IMG_1727.jpg,0,0,0,0,0,1
IMG_1032.jpg,0,1,0,0,0,0
IMG_0149.jpg,0,1,0,0,0,0
IMG_1574.jpg,0,0,0,0,0,1
IMG_0539.jpg,1,0,0,0,0,0
IMG_0847.jpg,0,1,0,0,0,0
IMG_2925.jpg,0,0,0,1,0,0
IMG_2805.jpg,0,0,0,1,0,0
IMG_0555.jpg,0,0,0,0,1,0
IMG_0766.jpg,0,0,0,1,0,0
IMG_0870.jpg,0,0,0,0,0,1
IMG_1583.jpg,1,0,0,0,0,0
IMG_0512.jpg,1,0,0,0,0,0
IMG_0585.jpg,0,1,0,0,0,0
IMG_0647.jpg,0,1,0,0,0,0
IMG_0323.jpg,1,0,0,0,0,0
IMG_2689.jpg,0,1,0,0,0,0
IMG_0321.jpg,0,0,0,1,0,0
IMG_1041.jpg,0,1,0,0,0,0
IMG_2242.jpg,0,0,0,1,0,0
IMG_1266.jpg,0,1,0,0,0,0
IMG_2313.jpg,0,0,0,0,1,0
IMG_2970.jpg,1,0,0,0,0,0
IMG_2795.jpg,0,0,1,0,0,0
IMG_0095.jpg,0,0,0,0,1,0
IMG_1525.jpg,1,0,0,0,0,0
IMG_0378.jpg,0,0,1,0,0,0
IMG_2964.jpg,0,0,0,1,0,0
IMG_2269.jpg,0,0,0,1,0,0
IMG_2478.jpg,0,0,0,0,1,0
IMG_1769.jpg,1,0,0,0,0,0
IMG_1728.jpg,1,0,0,0,0,0
IMG_0424.jpg,0,1,0,0,0,0
IMG_0696.jpg,1,0,0,0,0,0
IMG_1667.jpg,0,0,0,0,0,1
IMG_2393.jpg,0,0,0,1,0,0
IMG_0687.jpg,1,0,0,0,0,0
IMG_1440.jpg,0,0,0,0,0,1
IMG_1035.jpg,0,0,0,0,0,1
IMG_1204.jpg,0,0,0,0,0,1
IMG_0372.jpg,0,0,1,0,0,0
IMG_0543.jpg,0,0,0,0,0,1
IMG_1571.jpg,0,0,0,0,0,1
IMG_0254.jpg,0,1,0,0,0,0
IMG_0204.jpg,0,0,0,1,0,0
IMG_1018.jpg,0,1,0,0,0,0
IMG_0659.jpg,0,0,0,0,0,1
IMG_0744.jpg,0,1,0,0,0,0
IMG_1608.jpg,0,0,0,0,0,1
IMG_0476.jpg,0,1,0,0,0,0
IMG_1400.jpg,0,0,0,0,0,1
IMG_1086.jpg,0,0,0,0,0,1
IMG_0730.jpg,1,0,0,0,0,0
IMG_0073.jpg,0,0,1,0,0,0
IMG_0306.jpg,0,0,1,0,0,0
IMG_1533.jpg,0,1,0,0,0,0
IMG_0871.jpg,1,0,0,0,0,0
IMG_2512.jpg,0,1,0,0,0,0
IMG_1550.jpg,0,0,0,0,0,1
IMG_2421.jpg,0,0,0,1,0,0
IMG_2376.jpg,0,0,0,0,1,0
IMG_0176.jpg,0,0,0,1,0,0
IMG_1551.jpg,0,0,0,0,0,1
IMG_2922.jpg,0,0,1,0,0,0
IMG_1185.jpg,0,0,0,1,0,0
IMG_0688.jpg,0,0,0,0,0,1
IMG_0060.jpg,1,0,0,0,0,0
IMG_1808.jpg,1,0,0,0,0,0
IMG_0713.jpg,0,1,0,0,0,0
IMG_1107.jpg,0,0,0,0,0,1
IMG_1404.jpg,0,0,0,0,0,1
IMG_1860.jpg,1,0,0,0,0,0
IMG_2938.jpg,1,0,0,0,0,0
IMG_1901.jpg,0,0,0,0,0,1
IMG_1427.jpg,1,0,0,0,0,0
IMG_0738.jpg,0,0,0,0,0,1
IMG_1124.jpg,0,0,0,1,0,0
IMG_2719.jpg,0,1,0,0,0,0
IMG_1886.jpg,0,0,0,0,0,1
IMG_1247.jpg,0,0,0,1,0,0
IMG_1856.jpg,0,1,0,0,0,0
IMG_1593.jpg,0,0,0,0,0,1
IMG_0318.jpg,1,0,0,0,0,0
IMG_2361.jpg,0,0,0,0,1,0
IMG_0380.jpg,0,0,1,0,0,0
IMG_2865.jpg,0,1,0,0,0,0
IMG_0872.jpg,1,0,0,0,0,0
IMG_0993.jpg,0,0,0,0,0,1
IMG_0315.jpg,1,0,0,0,0,0
IMG_2186.jpg,0,0,0,1,0,0
IMG_1211.jpg,0,0,0,0,0,1
IMG_2270.jpg,0,0,0,1,0,0
IMG_0845.jpg,0,0,0,0,0,1
IMG_1798.jpg,1,0,0,0,0,0
IMG_2280.jpg,0,0,0,0,1,0
IMG_1544.jpg,0,0,0,0,0,1
IMG_1186.jpg,1,0,0,0,0,0
IMG_0342.jpg,0,0,0,1,0,0
IMG_0607.jpg,0,0,0,0,0,1
IMG_1409.jpg,0,0,0,0,0,1
IMG_1605.jpg,0,0,0,0,0,1
IMG_0720.jpg,1,0,0,0,0,0
IMG_1508.jpg,0,0,0,0,0,1
IMG_0164.jpg,1,0,0,0,0,0
IMG_0813.jpg,0,0,0,0,0,1
IMG_0486.jpg,0,1,0,0,0,0
IMG_2062.jpg,0,0,0,0,1,0
IMG_1545.jpg,0,0,0,0,0,1
IMG_0462.jpg,1,0,0,0,0,0
IMG_2950.jpg,0,0,1,0,0,0
IMG_0883.jpg,0,0,0,1,0,0
IMG_0279.jpg,0,1,0,0,0,0
IMG_1745.jpg,1,0,0,0,0,0
IMG_1895.jpg,0,0,0,0,1,0
IMG_2973.jpg,0,0,0,1,0,0
IMG_0660.jpg,0,0,0,0,0,1
IMG_1390.jpg,0,0,0,0,0,1
IMG_2143.jpg,0,0,0,0,1,0
IMG_0896.jpg,0,1,0,0,0,0
IMG_1956.jpg,0,0,0,0,0,1
IMG_2948.jpg,1,0,0,0,0,0
IMG_0830.jpg,0,0,1,0,0,0
IMG_1256.jpg,0,0,0,0,0,1
IMG_1395.jpg,0,0,0,0,0,1
IMG_0724.jpg,0,0,0,0,0,1
IMG_1459.jpg,0,0,1,0,0,0
IMG_1200.jpg,0,0,0,0,0,1
IMG_0381.jpg,0,0,1,0,0,0
IMG_2672.jpg,0,0,0,0,1,0
IMG_0767.jpg,0,0,1,0,0,0
IMG_0048.jpg,0,0,0,1,0,0
IMG_2910.jpg,1,0,0,0,0,0
IMG_1708.jpg,0,1,0,0,0,0
IMG_1694.jpg,1,0,0,0,0,0
IMG_2927.jpg,0,0,1,0,0,0
IMG_1428.jpg,0,0,0,0,1,0
IMG_2468.jpg,1,0,0,0,0,0
IMG_0345.jpg,0,0,0,1,0,0
IMG_1471.jpg,0,0,0,0,0,1
IMG_0608.jpg,0,1,0,0,0,0
IMG_2991.jpg,1,0,0,0,0,0
IMG_1248.jpg,0,0,1,0,0,0
IMG_1835.jpg,1,0,0,0,0,0
IMG_1083.jpg,0,0,0,0,0,1
IMG_2107.jpg,1,0,0,0,0,0
IMG_1219.jpg,0,0,0,0,0,1
IMG_0731.jpg,1,0,0,0,0,0
IMG_2625.jpg,0,0,1,0,0,0
IMG_1410.jpg,0,0,0,0,0,1
IMG_0505.jpg,0,1,0,0,0,0
IMG_0689.jpg,1,0,0,0,0,0
IMG_0063.jpg,0,1,0,0,0,0
IMG_2681.jpg,0,0,1,0,0,0
IMG_0951.jpg,1,0,0,0,0,0
IMG_1526.jpg,0,1,0,0,0,0
IMG_1907.jpg,0,1,0,0,0,0
IMG_1158.jpg,0,1,0,0,0,0
IMG_1449.jpg,0,0,0,0,0,1
IMG_2580.jpg,1,0,0,0,0,0
IMG_1867.jpg,0,0,0,0,0,1
IMG_2957.jpg,0,0,0,1,0,0
IMG_2533.jpg,0,1,0,0,0,0
IMG_0534.jpg,0,0,0,0,0,1
IMG_1303.jpg,0,0,0,1,0,0
IMG_2967.jpg,0,0,0,0,1,0
IMG_0174.jpg,0,0,0,0,1,0
IMG_0188.jpg,0,0,0,0,1,0
IMG_2775.jpg,0,0,1,0,0,0
IMG_0135.jpg,0,1,0,0,0,0
IMG_0698.jpg,0,0,0,0,0,1
IMG_0258.jpg,0,1,0,0,0,0
IMG_2222.jpg,0,0,0,0,1,0
IMG_0697.jpg,0,1,0,0,0,0
IMG_0189.jpg,0,0,0,0,1,0
IMG_0090.jpg,0,0,0,1,0,0
IMG_1674.jpg,0,0,0,0,0,1
IMG_1229.jpg,0,0,0,0,0,1
IMG_0814.jpg,1,0,0,0,0,0
IMG_2474.jpg,1,0,0,0,0,0
IMG_2549.jpg,0,1,0,0,0,0
IMG_0055.jpg,0,0,1,0,0,0
IMG_1467.jpg,0,0,0,0,1,0
IMG_0934.jpg,0,0,0,0,0,1
IMG_1578.jpg,0,0,0,0,0,1
IMG_1293.jpg,0,0,0,0,0,1
IMG_2226.jpg,1,0,0,0,0,0
IMG_2316.jpg,0,0,0,0,1,0
IMG_1635.jpg,0,0,0,0,0,1
IMG_2386.jpg,0,0,0,0,1,0
IMG_1330.jpg,0,0,0,0,1,0
IMG_0109.jpg,1,0,0,0,0,0
IMG_0262.jpg,0,1,0,0,0,0
IMG_2101.jpg,0,0,0,0,0,1
IMG_1063.jpg,0,1,0,0,0,0
IMG_1054.jpg,0,0,0,0,0,1
IMG_2431.jpg,0,1,0,0,0,0
IMG_1462.jpg,0,0,0,0,0,1
IMG_0676.jpg,0,1,0,0,0,0
IMG_2788.jpg,1,0,0,0,0,0
IMG_1876.jpg,1,0,0,0,0,0
IMG_0130.jpg,0,1,0,0,0,0
IMG_0274.jpg,0,1,0,0,0,0
IMG_1921.jpg,1,0,0,0,0,0
IMG_1966.jpg,0,1,0,0,0,0
IMG_2434.jpg,0,0,1,0,0,0
IMG_2614.jpg,0,1,0,0,0,0
IMG_2914.jpg,0,1,0,0,0,0
IMG_2302.jpg,0,0,0,0,1,0
IMG_1315.jpg,0,0,0,0,0,1
IMG_0238.jpg,1,0,0,0,0,0
IMG_1021.jpg,0,1,0,0,0,0
IMG_2851.jpg,1,0,0,0,0,0
IMG_0880.jpg,0,0,0,0,1,0
IMG_2287.jpg,0,0,0,0,1,0
IMG_0640.jpg,0,0,0,0,0,1
IMG_0490.jpg,1,0,0,0,0,0
IMG_0946.jpg,0,1,0,0,0,0
IMG_2260.jpg,0,0,0,1,0,0
IMG_0706.jpg,0,1,0,0,0,0
IMG_1384.jpg,0,1,0,0,0,0
IMG_0040.jpg,0,0,1,0,0,0
IMG_1237.jpg,0,1,0,0,0,0
IMG_1639.jpg,1,0,0,0,0,0
IMG_0547.jpg,0,0,0,0,1,0
IMG_1111.jpg,0,1,0,0,0,0
IMG_0364.jpg,0,0,0,1,0,0
IMG_2716.jpg,0,0,0,1,0,0
IMG_0349.jpg,0,0,0,1,0,0
IMG_2539.jpg,0,0,0,1,0,0
IMG_1858.jpg,1,0,0,0,0,0
IMG_2272.jpg,0,0,0,0,1,0
IMG_0442.jpg,0,1,0,0,0,0
IMG_1444.jpg,0,0,0,0,0,1
IMG_0275.jpg,0,1,0,0,0,0
IMG_0082.jpg,1,0,0,0,0,0
IMG_1567.jpg,0,0,0,1,0,0
IMG_1558.jpg,0,1,0,0,0,0
IMG_1372.jpg,0,0,0,1,0,0
IMG_2404.jpg,0,0,0,0,1,0
IMG_1795.jpg,0,0,0,0,0,1
IMG_1783.jpg,1,0,0,0,0,0
IMG_0175.jpg,0,0,0,1,0,0
IMG_0286.jpg,1,0,0,0,0,0
IMG_2248.jpg,0,0,0,0,1,0
IMG_0085.jpg,1,0,0,0,0,0
IMG_2827.jpg,0,0,0,1,0,0
IMG_0041.jpg,0,0,1,0,0,0
IMG_1753.jpg,0,0,0,0,0,1
IMG_0616.jpg,0,1,0,0,0,0
IMG_0313.jpg,1,0,0,0,0,0
IMG_0952.jpg,0,0,0,1,0,0
IMG_1852.jpg,0,1,0,0,0,0
IMG_0589.jpg,1,0,0,0,0,0
IMG_0529.jpg,0,0,0,0,0,1
IMG_2440.jpg,1,0,0,0,0,0
IMG_0133.jpg,0,1,0,0,0,0
IMG_1675.jpg,0,0,0,0,0,1
IMG_0199.jpg,1,0,0,0,0,0
IMG_2332.jpg,0,0,0,1,0,0
IMG_1357.jpg,0,0,0,0,0,1
IMG_2944.jpg,1,0,0,0,0,0
IMG_0334.jpg,0,0,0,1,0,0
IMG_0239.jpg,1,0,0,0,0,0
IMG_0256.jpg,0,1,0,0,0,0
IMG_1915.jpg,0,0,1,0,0,0
IMG_1993.jpg,0,0,0,1,0,0
IMG_2102.jpg,0,1,0,0,0,0
IMG_0211.jpg,1,0,0,0,0,0
IMG_0775.jpg,1,0,0,0,0,0
IMG_2110.jpg,1,0,0,0,0,0
IMG_0976.jpg,0,0,0,0,0,1
IMG_1331.jpg,1,0,0,0,0,0
IMG_0394.jpg,1,0,0,0,0,0
IMG_0343.jpg,0,0,0,1,0,0
IMG_2188.jpg,1,0,0,0,0,0
IMG_2200.jpg,0,1,0,0,0,0
IMG_2953.jpg,0,0,0,0,1,0
IMG_1189.jpg,0,0,0,0,0,1
IMG_1306.jpg,0,1,0,0,0,0
IMG_1273.jpg,0,1,0,0,0,0
IMG_2926.jpg,0,0,1,0,0,0
IMG_1093.jpg,0,1,0,0,0,0
IMG_0760.jpg,1,0,0,0,0,0
IMG_0373.jpg,0,0,1,0,0,0
IMG_1819.jpg,0,0,0,0,0,1
IMG_0463.jpg,0,1,0,0,0,0
IMG_1789.jpg,0,0,0,0,1,0
IMG_2095.jpg,1,0,0,0,0,0
IMG_0091.jpg,0,1,0,0,0,0
IMG_2599.jpg,0,0,0,1,0,0
IMG_2674.jpg,0,0,0,1,0,0
IMG_0931.jpg,0,1,0,0,0,0
IMG_0541.jpg,0,0,0,0,0,1
IMG_1066.jpg,0,1,0,0,0,0
IMG_0625.jpg,0,1,0,0,0,0
IMG_2675.jpg,1,0,0,0,0,0
IMG_0491.jpg,0,1,0,0,0,0
IMG_0598.jpg,0,0,0,0,0,1
IMG_0802.jpg,0,1,0,0,0,0
IMG_0886.jpg,0,0,0,0,0,1
IMG_2797.jpg,0,0,0,0,1,0
IMG_0037.jpg,0,0,0,1,0,0
IMG_1432.jpg,0,0,0,0,0,1
IMG_2488.jpg,1,0,0,0,0,0
IMG_2878.jpg,0,0,0,1,0,0
IMG_2635.jpg,0,0,0,1,0,0
IMG_2767.jpg,0,0,0,1,0,0
IMG_0409.jpg,0,1,0,0,0,0
IMG_0110.jpg,1,0,0,0,0,0
IMG_1840.jpg,0,0,0,1,0,0
IMG_2506.jpg,0,1,0,0,0,0
IMG_1609.jpg,0,0,0,0,0,1
IMG_2497.jpg,0,0,0,1,0,0
IMG_2377.jpg,0,0,0,0,1,0
IMG_2032.jpg,1,0,0,0,0,0
IMG_1774.jpg,0,0,0,0,1,0
IMG_2189.jpg,1,0,0,0,0,0
IMG_1000.jpg,0,0,0,0,0,1
IMG_0590.jpg,0,0,0,0,0,1
IMG_0157.jpg,1,0,0,0,0,0
IMG_1796.jpg,0,0,0,0,0,1
IMG_1519.jpg,0,0,0,0,0,1
IMG_2155.jpg,0,0,1,0,0,0
IMG_0707.jpg,0,0,0,0,1,0
IMG_0443.jpg,0,0,0,0,0,1
IMG_2383.jpg,0,0,0,0,1,0
IMG_1967.jpg,0,1,0,0,0,0
IMG_1784.jpg,0,0,0,0,0,1
IMG_0232.jpg,1,0,0,0,0,0
IMG_2507.jpg,0,0,0,1,0,0
IMG_2156.jpg,0,1,0,0,0,0
IMG_0410.jpg,0,1,0,0,0,0
IMG_2056.jpg,0,0,0,1,0,0
IMG_1754.jpg,0,0,0,0,0,1
IMG_0111.jpg,1,0,0,0,0,0
IMG_0469.jpg,0,0,0,0,0,1
IMG_2887.jpg,0,0,0,0,1,0
IMG_2389.jpg,1,0,0,0,0,0
IMG_2911.jpg,0,0,1,0,0,0
IMG_2935.jpg,0,0,0,1,0,0
IMG_0265.jpg,0,1,0,0,0,0
IMG_0994.jpg,0,1,0,0,0,0
IMG_1624.jpg,0,0,0,0,0,1
IMG_0181.jpg,0,0,1,0,0,0
IMG_1486.jpg,0,0,0,0,0,1
IMG_2557.jpg,1,0,0,0,0,0
IMG_0083.jpg,1,0,0,0,0,0
IMG_2111.jpg,0,1,0,0,0,0
IMG_2146.jpg,0,0,0,1,0,0
IMG_2551.jpg,0,1,0,0,0,0
IMG_0427.jpg,0,0,0,0,0,1
IMG_0169.jpg,0,0,0,0,1,0
IMG_0277.jpg,0,1,0,0,0,0
IMG_0193.jpg,0,0,0,1,0,0
IMG_2704.jpg,0,0,0,0,1,0
IMG_2563.jpg,1,0,0,0,0,0
IMG_2455.jpg,1,0,0,0,0,0
IMG_0682.jpg,0,0,0,0,0,1
IMG_1477.jpg,0,0,0,0,0,1
IMG_1112.jpg,0,1,0,0,0,0
IMG_1147.jpg,0,1,0,0,0,0
IMG_0708.jpg,0,0,0,0,1,0
IMG_2236.jpg,0,0,0,1,0,0
IMG_0683.jpg,0,0,0,0,0,1
IMG_1480.jpg,0,0,0,0,0,1
IMG_0853.jpg,1,0,0,0,0,0
IMG_2347.jpg,0,0,0,0,1,0
IMG_1036.jpg,0,0,0,0,0,1
IMG_2170.jpg,0,0,0,0,1,0
IMG_0854.jpg,1,0,0,0,0,0
IMG_0838.jpg,0,1,0,0,0,0
IMG_0739.jpg,0,1,0,0,0,0
IMG_0832.jpg,0,0,0,0,0,1
IMG_0223.jpg,1,0,0,0,0,0
IMG_0145.jpg,1,0,0,0,0,0
IMG_2390.jpg,0,0,0,1,0,0
IMG_0361.jpg,0,0,0,1,0,0
IMG_0649.jpg,0,0,0,0,0,1
IMG_1234.jpg,0,0,0,0,0,1
IMG_0913.jpg,1,0,0,0,0,0
IMG_1651.jpg,0,0,0,0,0,1
IMG_0229.jpg,1,0,0,0,0,0
IMG_2857.jpg,0,0,0,1,0,0
IMG_2912.jpg,0,0,1,0,0,0
IMG_2600.jpg,0,0,1,0,0,0
IMG_2293.jpg,0,0,1,0,0,0
IMG_2705.jpg,0,0,0,1,0,0
IMG_0337.jpg,0,0,0,1,0,0
IMG_1633.jpg,0,0,0,0,0,1
IMG_0001.jpg,1,0,0,0,0,0
IMG_1327.jpg,0,0,0,0,0,1
IMG_2065.jpg,1,0,0,0,0,0
IMG_1332.jpg,1,0,0,0,0,0
IMG_0200.jpg,1,0,0,0,0,0
IMG_1654.jpg,0,0,0,0,1,0
IMG_0790.jpg,1,0,0,0,0,0
IMG_2173.jpg,1,0,0,0,0,0
IMG_2552.jpg,1,0,0,0,0,0
IMG_0977.jpg,1,0,0,0,0,0
IMG_0964.jpg,1,0,0,0,0,0
IMG_0754.jpg,1,0,0,0,0,0
IMG_2077.jpg,0,1,0,0,0,0
IMG_1520.jpg,1,0,0,0,0,0
IMG_1463.jpg,0,0,0,0,1,0
IMG_0591.jpg,0,1,0,0,0,0
IMG_2362.jpg,0,0,0,1,0,0
IMG_0907.jpg,0,0,0,0,0,1
IMG_0691.jpg,0,0,0,0,0,1
IMG_1366.jpg,0,0,0,0,0,1
IMG_0925.jpg,1,0,0,0,0,0
IMG_1841.jpg,0,0,0,1,0,0
IMG_1464.jpg,0,0,0,0,1,0
IMG_0709.jpg,1,0,0,0,0,0
IMG_0418.jpg,1,0,0,0,0,0
IMG_2326.jpg,0,0,0,0,1,0
IMG_2485.jpg,0,0,1,0,0,0
IMG_0106.jpg,0,0,0,1,0,0
IMG_1156.jpg,0,0,0,0,0,1
IMG_2848.jpg,0,0,0,1,0,0
IMG_1842.jpg,1,0,0,0,0,0
IMG_2779.jpg,0,0,0,1,0,0
IMG_1087.jpg,0,1,0,0,0,0
IMG_0898.jpg,1,0,0,0,0,0
IMG_0448.jpg,1,0,0,0,0,0
IMG_0914.jpg,1,0,0,0,0,0
IMG_2995.jpg,1,0,0,0,0,0
IMG_0740.jpg,1,0,0,0,0,0
IMG_2998.jpg,0,0,0,1,0,0
IMG_1138.jpg,0,0,0,0,0,1
IMG_2303.jpg,0,0,0,0,1,0
IMG_0449.jpg,1,0,0,0,0,0
IMG_1729.jpg,0,1,0,0,0,0
IMG_2986.jpg,0,0,0,1,0,0
IMG_1294.jpg,0,0,1,0,0,0
IMG_2913.jpg,0,0,1,0,0,0
IMG_0523.jpg,0,0,0,0,0,1
IMG_0058.jpg,1,0,0,0,0,0
IMG_0784.jpg,0,1,0,0,0,0
IMG_1453.jpg,0,0,1,0,0,0
IMG_2692.jpg,1,0,0,0,0,0
IMG_0826.jpg,0,0,1,0,0,0
IMG_0785.jpg,0,0,0,0,0,1
IMG_0088.jpg,0,0,0,1,0,0
IMG_2218.jpg,0,0,0,0,1,0
IMG_0350.jpg,0,0,0,1,0,0
IMG_2498.jpg,0,1,0,0,0,0
IMG_1933.jpg,1,0,0,0,0,0
IMG_2869.jpg,0,0,0,1,0,0
IMG_2706.jpg,0,0,0,1,0,0
IMG_0444.jpg,0,0,0,0,0,1
IMG_1067.jpg,0,0,1,0,0,0
IMG_0641.jpg,1,0,0,0,0,0
IMG_2078.jpg,1,0,0,0,0,0
IMG_1318.jpg,0,0,0,0,0,1
IMG_0298.jpg,0,0,1,0,0,0
IMG_2219.jpg,0,0,0,1,0,0
IMG_2327.jpg,0,0,0,0,1,0
IMG_0367.jpg,0,1,0,0,0,0
IMG_2371.jpg,0,0,0,0,1,0
IMG_1660.jpg,0,0,0,0,1,0
IMG_2405.jpg,1,0,0,0,0,0
IMG_2626.jpg,0,0,0,1,0,0
IMG_0865.jpg,1,0,0,0,0,0
IMG_0385.jpg,0,0,1,0,0,0
IMG_1274.jpg,0,1,0,0,0,0
IMG_0953.jpg,0,1,0,0,0,0
IMG_2249.jpg,0,0,0,0,1,0
IMG_0428.jpg,1,0,0,0,0,0
IMG_0761.jpg,1,0,0,0,0,0
IMG_1930.jpg,1,0,0,0,0,0
IMG_2791.jpg,0,0,1,0,0,0
IMG_0733.jpg,0,1,0,0,0,0
IMG_2650.jpg,1,0,0,0,0,0
IMG_0103.jpg,0,0,0,0,1,0
IMG_0134.jpg,0,1,0,0,0,0
IMG_1060.jpg,0,1,0,0,0,0
IMG_2426.jpg,0,0,0,1,0,0
IMG_0182.jpg,0,0,1,0,0,0
IMG_1134.jpg,0,0,0,0,1,0
IMG_0551.jpg,0,0,0,1,0,0
IMG_2384.jpg,0,0,0,0,1,0
IMG_2543.jpg,1,0,0,0,0,0
IMG_2471.jpg,1,0,0,0,0,0
IMG_1972.jpg,0,0,0,0,1,0
IMG_1643.jpg,0,0,0,0,0,1
IMG_2560.jpg,0,0,0,1,0,0
IMG_1270.jpg,0,1,0,0,0,0
IMG_0752.jpg,0,1,0,0,0,0
IMG_2198.jpg,1,0,0,0,0,0
IMG_0679.jpg,0,1,0,0,0,0
IMG_1586.jpg,0,0,0,0,0,1
IMG_0447.jpg,0,1,0,0,0,0
IMG_2879.jpg,0,0,0,1,0,0
IMG_0969.jpg,1,0,0,0,0,0
IMG_0100.jpg,1,0,0,0,0,0
IMG_2820.jpg,1,0,0,0,0,0
IMG_1378.jpg,0,0,0,1,0,0
IMG_0895.jpg,1,0,0,0,0,0
IMG_1436.jpg,0,0,0,0,0,1
IMG_1648.jpg,0,0,0,0,0,1
IMG_0868.jpg,0,0,0,0,0,1
IMG_2831.jpg,1,0,0,0,0,0
IMG_1954.jpg,0,0,0,0,0,1
IMG_2417.jpg,1,0,0,0,0,0
IMG_1245.jpg,0,0,0,0,1,0
IMG_1998.jpg,0,0,0,0,0,1
IMG_1352.jpg,0,0,0,0,0,1
IMG_3004.jpg,0,1,0,0,0,0
IMG_0422.jpg,0,1,0,0,0,0
IMG_2184.jpg,1,0,0,0,0,0
IMG_2924.jpg,0,0,0,1,0,0
IMG_1341.jpg,0,0,1,0,0,0
IMG_1614.jpg,0,0,0,0,1,0
IMG_1445.jpg,0,0,0,0,0,1
IMG_2105.jpg,1,0,0,0,0,0
IMG_1349.jpg,0,0,0,0,1,0
IMG_2867.jpg,1,0,0,0,0,0
IMG_2133.jpg,0,0,0,0,0,1
IMG_2723.jpg,1,0,0,0,0,0
IMG_1146.jpg,0,0,0,0,0,1
IMG_2921.jpg,0,0,1,0,0,0
IMG_1084.jpg,0,0,0,0,0,1
IMG_1813.jpg,0,1,0,0,0,0
IMG_0519.jpg,1,0,0,0,0,0
IMG_2296.jpg,0,0,0,0,1,0
IMG_1718.jpg,0,0,0,0,0,1
IMG_0620.jpg,1,0,0,0,0,0
IMG_0094.jpg,0,0,0,0,1,0
IMG_2149.jpg,0,0,1,0,0,0
IMG_2364.jpg,0,0,0,1,0,0
IMG_1162.jpg,0,0,0,0,0,1
IMG_0788.jpg,0,1,0,0,0,0
IMG_0719.jpg,0,1,0,0,0,0
IMG_1854.jpg,0,1,0,0,0,0
IMG_1277.jpg,0,0,0,0,0,1
IMG_1787.jpg,0,0,0,0,0,1
IMG_1227.jpg,0,1,0,0,0,0
IMG_0205.jpg,0,1,0,0,0,0
IMG_0483.jpg,0,0,0,1,0,0
IMG_2677.jpg,0,0,1,0,0,0
IMG_0288.jpg,1,0,0,0,0,0
IMG_1474.jpg,0,0,0,0,0,1
IMG_1172.jpg,0,0,0,0,0,1
IMG_0797.jpg,0,1,0,0,0,0
IMG_1865.jpg,1,0,0,0,0,0
IMG_0226.jpg,1,0,0,0,0,0
IMG_2433.jpg,0,1,0,0,0,0
IMG_1005.jpg,0,1,0,0,0,0
IMG_0227.jpg,1,0,0,0,0,0
IMG_2487.jpg,0,0,1,0,0,0
IMG_0581.jpg,1,0,0,0,0,0
IMG_2072.jpg,0,0,0,0,0,1
IMG_0919.jpg,0,1,0,0,0,0
IMG_2843.jpg,0,0,0,1,0,0
IMG_2907.jpg,0,0,0,0,1,0
IMG_2073.jpg,0,1,0,0,0,0
IMG_0320.jpg,0,0,0,1,0,0
IMG_0504.jpg,0,0,0,0,0,1
IMG_2844.jpg,1,0,0,0,0,0
IMG_1582.jpg,1,0,0,0,0,0
IMG_1406.jpg,0,0,0,0,0,1
IMG_1879.jpg,0,1,0,0,0,0
IMG_0474.jpg,0,0,0,0,0,1
IMG_2125.jpg,0,0,0,0,1,0
IMG_1833.jpg,0,1,0,0,0,0
IMG_0779.jpg,0,1,0,0,0,0
IMG_1379.jpg,0,1,0,0,0,0
IMG_0025.jpg,1,0,0,0,0,0
IMG_0780.jpg,0,1,0,0,0,0
IMG_1350.jpg,1,0,0,0,0,0
IMG_2532.jpg,1,0,0,0,0,0
IMG_2134.jpg,0,0,0,0,0,1
IMG_0937.jpg,0,0,0,0,0,1
IMG_0526.jpg,1,0,0,0,0,0
IMG_2381.jpg,1,0,0,0,0,0
IMG_2320.jpg,0,1,0,0,0,0
IMG_2360.jpg,0,0,0,0,1,0
IMG_2794.jpg,1,0,0,0,0,0
IMG_2988.jpg,0,0,0,1,0,0
IMG_0712.jpg,1,0,0,0,0,0
IMG_0747.jpg,0,0,0,0,0,1
IMG_1719.jpg,0,1,0,0,0,0
IMG_2011.jpg,1,0,0,0,0,0
IMG_0552.jpg,0,0,1,0,0,0
IMG_2522.jpg,0,0,0,0,1,0
IMG_2397.jpg,0,0,0,0,1,0
IMG_0185.jpg,0,0,0,0,1,0
IMG_0190.jpg,0,1,0,0,0,0
IMG_2569.jpg,0,0,1,0,0,0
IMG_0527.jpg,1,0,0,0,0,0
IMG_1498.jpg,0,0,0,0,0,1
IMG_1615.jpg,1,0,0,0,0,0
IMG_0902.jpg,0,0,0,0,0,1
IMG_2086.jpg,0,0,0,0,1,0
IMG_0451.jpg,0,0,0,0,0,1
IMG_3005.jpg,0,1,0,0,0,0
IMG_2523.jpg,0,1,0,0,0,0
IMG_1620.jpg,0,0,0,0,0,1
IMG_2336.jpg,1,0,0,0,0,0
IMG_2812.jpg,0,0,0,1,0,0
IMG_1926.jpg,1,0,0,0,0,0
IMG_1455.jpg,0,1,0,0,0,0
IMG_1814.jpg,1,0,0,0,0,0
IMG_2106.jpg,1,0,0,0,0,0
IMG_0662.jpg,0,0,0,0,0,1
IMG_0655.jpg,0,1,0,0,0,0
IMG_1456.jpg,0,1,0,0,0,0
IMG_0054.jpg,1,0,0,0,0,0
IMG_0459.jpg,0,0,0,0,0,1
IMG_1278.jpg,0,0,0,0,0,1
IMG_2608.jpg,0,0,0,0,1,0
IMG_1773.jpg,1,0,0,0,0,0
IMG_0621.jpg,0,0,0,0,0,1
IMG_1223.jpg,0,0,0,0,0,1
IMG_0743.jpg,1,0,0,0,0,0
IMG_1380.jpg,1,0,0,0,0,0
IMG_1290.jpg,0,0,0,0,0,1
IMG_0326.jpg,1,0,0,0,0,0
IMG_2544.jpg,1,0,0,0,0,0
IMG_0086.jpg,1,0,0,0,0,0
IMG_1990.jpg,0,0,0,0,1,0
IMG_2668.jpg,1,0,0,0,0,0
IMG_0857.jpg,0,0,0,0,0,1
IMG_2528.jpg,0,1,0,0,0,0
IMG_2353.jpg,0,0,0,1,0,0
IMG_0283.jpg,1,0,0,0,0,0
IMG_1425.jpg,1,0,0,0,0,0
IMG_1905.jpg,1,0,0,0,0,0
IMG_0941.jpg,0,1,0,0,0,0
IMG_1985.jpg,0,0,0,0,0,1
IMG_2609.jpg,1,0,0,0,0,0
IMG_1399.jpg,0,0,0,0,0,1
IMG_0423.jpg,0,0,0,0,1,0
IMG_0081.jpg,0,0,1,0,0,0
IMG_2892.jpg,0,0,0,0,1,0
IMG_1135.jpg,0,1,0,0,0,0
IMG_2832.jpg,1,0,0,0,0,0
IMG_0384.jpg,0,0,1,0,0,0
IMG_2135.jpg,0,1,0,0,0,0
IMG_2354.jpg,0,0,0,0,1,0
IMG_1834.jpg,0,0,0,0,0,1
IMG_0206.jpg,0,1,0,0,0,0
IMG_0600.jpg,0,0,0,0,0,1
IMG_2764.jpg,0,0,1,0,0,0
IMG_1026.jpg,1,0,0,0,0,0
IMG_2052.jpg,0,1,0,0,0,0
IMG_2710.jpg,0,0,0,1,0,0
IMG_2864.jpg,0,1,0,0,0,0
IMG_1900.jpg,0,0,0,0,1,0
IMG_0332.jpg,0,1,0,0,0,0
IMG_0045.jpg,0,1,0,0,0,0
IMG_1469.jpg,0,0,0,0,0,1
IMG_1671.jpg,0,0,0,0,0,1
IMG_0772.jpg,0,0,0,0,1,0
IMG_1322.jpg,0,0,0,0,0,1
IMG_1778.jpg,0,0,0,0,1,0
IMG_1848.jpg,0,1,0,0,0,0
IMG_0195.jpg,0,0,0,1,0,0
IMG_0652.jpg,1,0,0,0,0,0
IMG_0411.jpg,0,1,0,0,0,0
IMG_0606.jpg,1,0,0,0,0,0
IMG_1495.jpg,0,0,0,0,1,0
IMG_2284.jpg,0,0,0,0,1,0
IMG_1755.jpg,1,0,0,0,0,0
IMG_0061.jpg,0,1,0,0,0,0
IMG_0072.jpg,0,0,0,1,0,0
IMG_2545.jpg,1,0,0,0,0,0
IMG_0407.jpg,0,1,0,0,0,0
IMG_1233.jpg,0,1,0,0,0,0
IMG_1027.jpg,0,0,0,0,0,1
IMG_2209.jpg,0,0,0,1,0,0
IMG_1325.jpg,0,0,0,0,0,1
IMG_2418.jpg,0,0,0,1,0,0
IMG_2246.jpg,0,0,0,1,0,0
IMG_1611.jpg,0,0,0,0,0,1
IMG_0357.jpg,0,0,0,1,0,0
IMG_2589.jpg,1,0,0,0,0,0
IMG_1191.jpg,0,0,0,0,0,1
IMG_0758.jpg,0,0,0,0,0,1
IMG_2813.jpg,0,0,0,1,0,0
IMG_2266.jpg,0,0,0,1,0,0
IMG_1692.jpg,1,0,0,0,0,0
IMG_0002.jpg,1,0,0,0,0,0
IMG_1693.jpg,0,0,1,0,0,0
IMG_2826.jpg,1,0,0,0,0,0
IMG_2711.jpg,0,0,0,0,1,0
IMG_1672.jpg,0,0,0,0,1,0
IMG_2126.jpg,0,1,0,0,0,0
IMG_1061.jpg,0,1,0,0,0,0
IMG_1163.jpg,0,0,0,0,0,1
IMG_0187.jpg,0,0,0,0,1,0
IMG_0484.jpg,0,1,0,0,0,0
IMG_1070.jpg,0,0,1,0,0,0
IMG_1688.jpg,0,0,0,0,0,1
IMG_0630.jpg,0,0,0,0,1,0
IMG_2044.jpg,0,0,0,0,1,0
IMG_0401.jpg,1,0,0,0,0,0
IMG_0821.jpg,1,0,0,0,0,0
IMG_1961.jpg,1,0,0,0,0,0
IMG_2267.jpg,0,0,0,1,0,0
IMG_1496.jpg,0,0,0,0,1,0
IMG_1299.jpg,0,0,0,0,1,0
IMG_1034.jpg,0,0,0,0,0,1
IMG_0567.jpg,0,1,0,0,0,0
IMG_1577.jpg,0,0,0,0,0,1
IMG_1589.jpg,0,0,0,0,0,1
IMG_1015.jpg,0,0,1,0,0,0
IMG_0980.jpg,1,0,0,0,0,0
IMG_1292.jpg,0,0,0,0,0,1
IMG_2772.jpg,0,0,0,1,0,0
IMG_2496.jpg,1,0,0,0,0,0
IMG_2150.jpg,0,0,0,1,0,0
IMG_1323.jpg,0,0,0,0,0,1
IMG_1751.jpg,0,0,0,0,1,0
IMG_1499.jpg,0,0,0,0,0,1
IMG_1402.jpg,0,0,0,0,0,1
IMG_1181.jpg,0,0,0,0,1,0
IMG_1962.jpg,1,0,0,0,0,0
IMG_2140.jpg,1,0,0,0,0,0
IMG_0869.jpg,0,1,0,0,0,0
IMG_2546.jpg,0,0,0,1,0,0
IMG_1169.jpg,0,0,0,0,0,1
IMG_1590.jpg,0,0,0,0,0,1
IMG_1880.jpg,0,1,0,0,0,0
IMG_0276.jpg,0,1,0,0,0,0
IMG_1329.jpg,0,0,0,0,0,1
IMG_1403.jpg,0,0,0,0,0,1
IMG_2087.jpg,0,0,0,0,0,1
IMG_0586.jpg,0,1,0,0,0,0
IMG_0835.jpg,0,1,0,0,0,0
IMG_1995.jpg,0,0,0,1,0,0
IMG_2081.jpg,0,1,0,0,0,0
IMG_1342.jpg,0,0,0,0,1,0
IMG_0097.jpg,0,1,0,0,0,0
IMG_1103.jpg,0,1,0,0,0,0
IMG_1788.jpg,0,0,0,0,0,1
IMG_2790.jpg,1,0,0,0,0,0
IMG_0434.jpg,0,0,0,0,0,1
IMG_0773.jpg,0,0,0,0,0,1
IMG_0305.jpg,0,0,1,0,0,0
IMG_1065.jpg,0,1,0,0,0,0
IMG_0553.jpg,0,0,1,0,0,0
IMG_2803.jpg,0,0,0,1,0,0
IMG_1228.jpg,0,0,0,0,0,1
IMG_1564.jpg,0,0,0,0,1,0
IMG_0290.jpg,0,0,1,0,0,0
IMG_0120.jpg,1,0,0,0,0,0
IMG_0014.jpg,0,0,0,1,0,0
IMG_1978.jpg,0,1,0,0,0,0
IMG_2755.jpg,1,0,0,0,0,0
IMG_0637.jpg,0,0,0,0,0,1
IMG_0123.jpg,0,0,0,1,0,0
IMG_2821.jpg,0,0,1,0,0,0
IMG_2039.jpg,0,0,0,0,1,0
IMG_2023.jpg,0,0,0,0,1,0
IMG_2655.jpg,0,0,0,0,1,0
IMG_0314.jpg,1,0,0,0,0,0
IMG_2215.jpg,1,0,0,0,0,0
IMG_0836.jpg,0,0,0,0,0,1
IMG_1173.jpg,0,0,0,0,0,1
IMG_0703.jpg,0,1,0,0,0,0
IMG_0408.jpg,0,1,0,0,0,0
IMG_2257.jpg,1,0,0,0,0,0
IMG_1706.jpg,0,0,0,0,0,1
IMG_2975.jpg,1,0,0,0,0,0
IMG_0267.jpg,0,1,0,0,0,0
IMG_1541.jpg,0,0,0,0,0,1
IMG_1797.jpg,1,0,0,0,0,0
IMG_2053.jpg,0,0,0,0,1,0
IMG_2756.jpg,1,0,0,0,0,0
IMG_0101.jpg,1,0,0,0,0,0
IMG_2590.jpg,1,0,0,0,0,0
IMG_0938.jpg,0,0,0,0,0,1
IMG_2937.jpg,0,0,0,1,0,0
IMG_0253.jpg,0,1,0,0,0,0
IMG_2127.jpg,0,1,0,0,0,0
IMG_2024.jpg,0,0,0,0,1,0
IMG_0333.jpg,0,1,0,0,0,0
IMG_0023.jpg,0,0,0,1,0,0
IMG_2388.jpg,0,0,0,0,1,0
IMG_0638.jpg,0,0,0,0,0,1
IMG_2443.jpg,0,0,0,0,1,0
IMG_1451.jpg,0,0,0,0,0,1
IMG_1031.jpg,0,1,0,0,0,0
IMG_2536.jpg,1,0,0,0,0,0
IMG_0942.jpg,0,0,0,0,0,1
IMG_0997.jpg,0,1,0,0,0,0
IMG_2902.jpg,0,0,0,0,1,0
IMG_2678.jpg,1,0,0,0,0,0
IMG_2074.jpg,1,0,0,0,0,0
IMG_0107.jpg,0,0,0,1,0,0
IMG_2262.jpg,0,0,0,1,0,0
IMG_2765.jpg,0,0,0,1,0,0
IMG_2712.jpg,0,0,0,0,1,0
IMG_0520.jpg,1,0,0,0,0,0
IMG_0656.jpg,0,1,0,0,0,0
IMG_1874.jpg,0,0,0,0,0,1
IMG_0197.jpg,0,1,0,0,0,0
IMG_1673.jpg,0,0,0,0,1,0
IMG_2171.jpg,0,0,0,0,1,0
IMG_1743.jpg,1,0,0,0,0,0
IMG_2979.jpg,0,0,0,0,1,0
IMG_2871.jpg,0,0,0,1,0,0
IMG_1104.jpg,0,0,0,0,0,1
IMG_1246.jpg,0,0,0,1,0,0
IMG_0465.jpg,0,1,0,0,0,0
IMG_2169.jpg,1,0,0,0,0,0
IMG_1720.jpg,0,0,0,0,1,0
IMG_2547.jpg,0,1,0,0,0,0
IMG_1408.jpg,0,0,0,0,0,1
IMG_1475.jpg,0,0,0,0,0,1
IMG_0695.jpg,1,0,0,0,0,0
IMG_2783.jpg,0,0,1,0,0,0
IMG_2472.jpg,0,1,0,0,0,0
IMG_0722.jpg,1,0,0,0,0,0
IMG_0879.jpg,1,0,0,0,0,0
IMG_0903.jpg,0,1,0,0,0,0
IMG_1744.jpg,0,0,0,0,0,1
IMG_1855.jpg,1,0,0,0,0,0
IMG_2160.jpg,0,1,0,0,0,0
IMG_0125.jpg,0,0,0,1,0,0
IMG_2570.jpg,0,0,1,0,0,0
IMG_2713.jpg,0,1,0,0,0,0
IMG_2321.jpg,0,0,0,1,0,0
IMG_1756.jpg,0,0,0,0,0,1
IMG_2882.jpg,0,1,0,0,0,0
IMG_1906.jpg,1,0,0,0,0,0
IMG_2452.jpg,1,0,0,0,0,0
IMG_2840.jpg,0,0,0,1,0,0
IMG_2885.jpg,1,0,0,0,0,0
IMG_1553.jpg,0,0,0,0,0,1
IMG_2688.jpg,0,0,0,1,0,0
IMG_1466.jpg,0,0,0,0,0,1
IMG_1316.jpg,0,0,0,0,0,1
IMG_0653.jpg,1,0,0,0,0,0
IMG_2330.jpg,0,0,0,0,1,0
IMG_0140.jpg,0,0,0,0,1,0
IMG_1439.jpg,0,0,0,0,0,1
IMG_1892.jpg,0,0,0,0,1,0
IMG_1364.jpg,0,0,0,0,0,1
IMG_2541.jpg,0,0,0,1,0,0
IMG_1139.jpg,0,0,0,0,0,1
IMG_2773.jpg,1,0,0,0,0,0
IMG_0114.jpg,1,0,0,0,0,0
IMG_0927.jpg,1,0,0,0,0,0
IMG_1779.jpg,0,0,0,0,0,1
IMG_0949.jpg,1,0,0,0,0,0
IMG_2990.jpg,1,0,0,0,0,0
IMG_2094.jpg,1,0,0,0,0,0
IMG_2141.jpg,1,0,0,0,0,0
IMG_1554.jpg,0,0,0,0,0,1
IMG_2966.jpg,0,0,0,0,1,0
IMG_0460.jpg,0,1,0,0,0,0
IMG_1632.jpg,0,0,0,0,0,1
IMG_2524.jpg,0,1,0,0,0,0
IMG_1875.jpg,0,0,0,0,0,1
IMG_0950.jpg,0,1,0,0,0,0
IMG_2917.jpg,0,0,0,1,0,0
IMG_2858.jpg,0,0,0,1,0,0
IMG_1807.jpg,0,0,0,0,0,1
IMG_1824.jpg,0,1,0,0,0,0
IMG_2648.jpg,1,0,0,0,0,0
IMG_2116.jpg,0,0,0,0,1,0
IMG_0789.jpg,0,0,0,0,0,1
IMG_2694.jpg,1,0,0,0,0,0
IMG_2429.jpg,1,0,0,0,0,0
IMG_2369.jpg,0,0,0,0,1,0
IMG_1893.jpg,0,1,0,0,0,0
IMG_1707.jpg,0,1,0,0,0,0
IMG_2265.jpg,0,0,0,1,0,0
IMG_2640.jpg,0,0,0,1,0,0
IMG_1253.jpg,1,0,0,0,0,0
IMG_1419.jpg,0,0,0,1,0,0
IMG_1629.jpg,0,0,0,0,0,1
IMG_0928.jpg,0,0,0,0,0,1
IMG_0126.jpg,0,0,0,1,0,0
IMG_0521.jpg,1,0,0,0,0,0
IMG_2252.jpg,0,0,0,1,0,0
IMG_0183.jpg,0,0,1,0,0,0
IMG_0338.jpg,0,0,0,1,0,0
IMG_2288.jpg,0,0,0,0,1,0
IMG_1927.jpg,0,0,0,0,0,1
IMG_2117.jpg,0,0,0,0,0,1
IMG_1549.jpg,0,0,0,0,0,1
IMG_1120.jpg,1,0,0,0,0,0
IMG_0645.jpg,0,1,0,0,0,0
IMG_1319.jpg,0,0,0,0,0,1
IMG_2595.jpg,0,1,0,0,0,0
IMG_0498.jpg,0,0,0,0,0,1
IMG_0943.jpg,0,0,0,0,0,1
IMG_2700.jpg,0,0,0,0,1,0
IMG_1979.jpg,1,0,0,0,0,0
IMG_0564.jpg,1,0,0,0,0,0
IMG_2841.jpg,0,0,0,1,0,0
IMG_2427.jpg,1,0,0,0,0,0
IMG_0911.jpg,1,0,0,0,0,0
IMG_0595.jpg,0,0,0,0,0,1
IMG_1326.jpg,0,0,0,0,0,1
IMG_0493.jpg,1,0,0,0,0,0
IMG_0728.jpg,0,0,0,0,0,1
IMG_1121.jpg,0,0,1,0,0,0
IMG_0986.jpg,0,0,0,0,0,1
IMG_2679.jpg,0,0,0,1,0,0
IMG_0289.jpg,0,0,1,0,0,0
IMG_2464.jpg,0,0,0,0,1,0
IMG_2509.jpg,1,0,0,0,0,0
IMG_2932.jpg,0,1,0,0,0,0
IMG_2696.jpg,1,0,0,0,0,0
IMG_1345.jpg,1,0,0,0,0,0
IMG_1339.jpg,0,1,0,0,0,0
IMG_1918.jpg,0,0,1,0,0,0
IMG_1932.jpg,1,0,0,0,0,0
IMG_2849.jpg,0,0,0,1,0,0
IMG_2456.jpg,1,0,0,0,0,0
IMG_1418.jpg,0,1,0,0,0,0
IMG_0261.jpg,0,1,0,0,0,0
IMG_1631.jpg,0,0,0,0,0,1
IMG_2667.jpg,0,0,0,1,0,0
IMG_2606.jpg,1,0,0,0,0,0
IMG_1988.jpg,0,0,0,0,1,0
IMG_2195.jpg,0,0,0,1,0,0
IMG_0794.jpg,0,1,0,0,0,0
IMG_0009.jpg,1,0,0,0,0,0
IMG_0644.jpg,0,0,0,0,0,1
IMG_2607.jpg,0,1,0,0,0,0
IMG_1725.jpg,1,0,0,0,0,0
IMG_0217.jpg,1,0,0,0,0,0
IMG_0035.jpg,0,0,0,0,1,0
IMG_0718.jpg,1,0,0,0,0,0
IMG_2717.jpg,0,1,0,0,0,0
IMG_2726.jpg,0,0,0,1,0,0
IMG_1242.jpg,1,0,0,0,0,0
IMG_1280.jpg,0,0,0,0,0,1
IMG_2494.jpg,0,0,1,0,0,0
IMG_0989.jpg,0,1,0,0,0,0
IMG_2785.jpg,0,0,0,0,1,0
IMG_2069.jpg,0,0,0,0,1,0
IMG_1358.jpg,0,0,0,0,0,1
IMG_1133.jpg,0,0,0,0,1,0
IMG_2374.jpg,0,0,0,0,1,0
IMG_1513.jpg,0,0,0,0,0,1
IMG_0280.jpg,1,0,0,0,0,0
IMG_2408.jpg,0,0,0,0,1,0
IMG_1351.jpg,0,0,0,0,0,1
IMG_2709.jpg,0,1,0,0,0,0
IMG_2800.jpg,0,0,0,1,0,0
IMG_1607.jpg,0,0,0,0,0,1
IMG_0263.jpg,0,1,0,0,0,0
IMG_2620.jpg,0,0,0,0,1,0
IMG_2687.jpg,0,1,0,0,0,0
IMG_2085.jpg,0,1,0,0,0,0
IMG_0561.jpg,1,0,0,0,0,0
IMG_1014.jpg,0,1,0,0,0,0
IMG_2989.jpg,1,0,0,0,0,0
IMG_2930.jpg,0,1,0,0,0,0
IMG_2936.jpg,0,0,0,1,0,0
IMG_2409.jpg,0,1,0,0,0,0
IMG_2983.jpg,0,0,0,1,0,0
IMG_0178.jpg,0,1,0,0,0,0
IMG_0651.jpg,0,0,0,0,0,1
IMG_0166.jpg,0,0,1,0,0,0
IMG_2870.jpg,0,0,0,1,0,0
IMG_2403.jpg,1,0,0,0,0,0
IMG_2009.jpg,1,0,0,0,0,0
IMG_0194.jpg,0,0,0,1,0,0
IMG_2722.jpg,1,0,0,0,0,0
IMG_1791.jpg,0,0,0,0,0,1
IMG_2833.jpg,0,0,0,1,0,0
IMG_2251.jpg,0,0,0,1,0,0
IMG_0375.jpg,0,0,1,0,0,0
IMG_2762.jpg,0,0,1,0,0,0
IMG_1149.jpg,0,0,0,0,0,1
IMG_1733.jpg,0,0,0,0,0,1
IMG_0160.jpg,0,0,0,1,0,0
IMG_2275.jpg,0,1,0,0,0,0
IMG_0579.jpg,0,0,0,0,0,1
IMG_0457.jpg,0,0,0,0,0,1
IMG_0819.jpg,1,0,0,0,0,0
IMG_0215.jpg,1,0,0,0,0,0
IMG_1734.jpg,0,0,0,0,1,0
IMG_2446.jpg,0,1,0,0,0,0
IMG_1976.jpg,1,0,0,0,0,0
IMG_1281.jpg,0,1,0,0,0,0
IMG_1899.jpg,0,0,0,0,0,1
IMG_1873.jpg,0,0,0,0,0,1
IMG_0257.jpg,0,1,0,0,0,0
IMG_0264.jpg,0,1,0,0,0,0
IMG_0022.jpg,0,0,0,1,0,0
IMG_2978.jpg,0,0,0,0,1,0
IMG_1705.jpg,1,0,0,0,0,0
IMG_0304.jpg,0,0,1,0,0,0
IMG_2165.jpg,1,0,0,0,0,0
IMG_0365.jpg,0,0,0,1,0,0
IMG_2010.jpg,0,0,0,0,0,1
IMG_1168.jpg,0,0,0,0,0,1
IMG_1735.jpg,0,0,0,0,1,0
IMG_2961.jpg,1,0,0,0,0,0
IMG_1685.jpg,0,0,0,0,0,1
IMG_0933.jpg,0,1,0,0,0,0
IMG_0549.jpg,1,0,0,0,0,0
IMG_1493.jpg,0,0,0,0,0,1
IMG_2465.jpg,0,0,0,0,1,0
IMG_1361.jpg,0,0,0,0,0,1
IMG_0482.jpg,0,0,0,0,1,0
IMG_1051.jpg,0,0,0,0,0,1
IMG_0805.jpg,1,0,0,0,0,0
IMG_2234.jpg,0,0,0,1,0,0
IMG_0299.jpg,0,0,1,0,0,0
IMG_0990.jpg,0,1,0,0,0,0
IMG_0335.jpg,0,0,0,1,0,0
IMG_1433.jpg,0,0,0,0,0,1
IMG_2818.jpg,0,0,1,0,0,0
IMG_1454.jpg,0,0,0,0,1,0
IMG_0893.jpg,0,1,0,0,0,0
IMG_0958.jpg,0,0,1,0,0,0
IMG_0413.jpg,0,0,1,0,0,0
IMG_0392.jpg,1,0,0,0,0,0
IMG_0755.jpg,1,0,0,0,0,0
IMG_0421.jpg,0,1,0,0,0,0
IMG_1561.jpg,0,0,0,0,1,0
IMG_0771.jpg,0,0,0,0,0,1
IMG_2080.jpg,1,0,0,0,0,0
IMG_2628.jpg,0,1,0,0,0,0
IMG_1097.jpg,0,1,0,0,0,0
IMG_1637.jpg,0,0,0,0,0,1
IMG_0562.jpg,0,1,0,0,0,0
IMG_1947.jpg,0,1,0,0,0,0
IMG_0867.jpg,0,1,0,0,0,0
IMG_2329.jpg,0,0,0,0,1,0
IMG_0179.jpg,0,1,0,0,0,0
IMG_2588.jpg,0,0,1,0,0,0
IMG_0052.jpg,1,0,0,0,0,0
IMG_0875.jpg,0,0,0,0,0,1
IMG_2372.jpg,0,0,0,0,1,0
IMG_1904.jpg,0,1,0,0,0,0
IMG_2479.jpg,1,0,0,0,0,0
IMG_2480.jpg,0,0,0,1,0,0
IMG_2781.jpg,0,0,1,0,0,0
IMG_1389.jpg,0,1,0,0,0,0
IMG_0882.jpg,0,0,0,1,0,0
IMG_2842.jpg,1,0,0,0,0,0
IMG_0795.jpg,0,0,0,0,0,1
IMG_0765.jpg,0,0,1,0,0,0
IMG_2863.jpg,0,0,0,0,1,0
IMG_1741.jpg,0,1,0,0,0,0
IMG_2697.jpg,0,0,0,1,0,0
IMG_1543.jpg,0,0,0,0,0,1
IMG_2051.jpg,0,0,0,0,1,0
IMG_0778.jpg,0,0,0,0,0,1
IMG_0563.jpg,0,1,0,0,0,0
IMG_1662.jpg,1,0,0,0,0,0
IMG_1576.jpg,0,0,0,0,0,1
IMG_2375.jpg,0,0,0,0,1,0
IMG_2436.jpg,0,1,0,0,0,0
IMG_2894.jpg,0,0,0,0,1,0
IMG_1076.jpg,0,0,0,0,1,0
IMG_2837.jpg,0,0,0,1,0,0
IMG_2003.jpg,1,0,0,0,0,0
IMG_2972.jpg,0,0,0,1,0,0
IMG_2521.jpg,0,0,0,1,0,0
IMG_0996.jpg,0,0,0,0,0,1
IMG_1653.jpg,0,0,0,0,0,1
IMG_1243.jpg,1,0,0,0,0,0
IMG_0020.jpg,1,0,0,0,0,0
IMG_1077.jpg,0,0,0,0,0,1
IMG_0617.jpg,1,0,0,0,0,0
IMG_1736.jpg,0,1,0,0,0,0
IMG_1043.jpg,0,1,0,0,0,0
IMG_0295.jpg,0,0,1,0,0,0
IMG_1742.jpg,0,0,0,0,0,1
IMG_0991.jpg,0,1,0,0,0,0
IMG_1622.jpg,0,0,0,0,0,1
IMG_2338.jpg,0,0,0,0,1,0
IMG_2344.jpg,1,0,0,0,0,0
IMG_1686.jpg,0,1,0,0,0,0
IMG_2206.jpg,0,0,0,1,0,0
IMG_2660.jpg,1,0,0,0,0,0
IMG_2225.jpg,1,0,0,0,0,0
IMG_1971.jpg,0,0,0,0,0,1
IMG_0968.jpg,1,0,0,0,0,0
IMG_0231.jpg,1,0,0,0,0,0
IMG_2423.jpg,1,0,0,0,0,0
IMG_2424.jpg,0,0,0,1,0,0
IMG_1264.jpg,0,0,0,0,0,1
IMG_1258.jpg,0,1,0,0,0,0
IMG_2207.jpg,0,0,0,1,0,0
IMG_1678.jpg,0,0,0,0,1,0
IMG_2855.jpg,0,0,0,1,0,0
IMG_2900.jpg,0,0,0,0,1,0
IMG_0170.jpg,0,0,0,0,1,0
IMG_1346.jpg,0,0,0,0,1,0
IMG_2874.jpg,0,0,0,0,1,0
IMG_2906.jpg,0,0,0,0,1,0
IMG_0053.jpg,1,0,0,0,0,0
IMG_1750.jpg,0,0,0,0,1,0
IMG_0458.jpg,1,0,0,0,0,0
IMG_2504.jpg,0,0,1,0,0,0
IMG_1568.jpg,0,0,0,1,0,0
IMG_1532.jpg,0,0,0,1,0,0
IMG_0757.jpg,0,0,0,0,0,1
IMG_1763.jpg,0,0,0,0,1,0
IMG_0840.jpg,0,1,0,0,0,0
IMG_2568.jpg,1,0,0,0,0,0
IMG_1232.jpg,0,1,0,0,0,0
IMG_2698.jpg,0,0,0,0,1,0
IMG_1726.jpg,0,0,0,0,0,1
IMG_1634.jpg,0,0,0,0,0,1
IMG_1179.jpg,1,0,0,0,0,0
IMG_2621.jpg,0,0,0,1,0,0
IMG_2264.jpg,0,0,0,1,0,0
IMG_2622.jpg,0,0,1,0,0,0
IMG_1547.jpg,0,0,0,0,0,1
IMG_1822.jpg,0,0,0,0,1,0
IMG_2312.jpg,0,0,0,0,1,0
IMG_1785.jpg,1,0,0,0,0,0
IMG_2240.jpg,0,0,0,0,1,0
IMG_1699.jpg,0,1,0,0,0,0
IMG_1812.jpg,0,0,0,0,0,1
IMG_2801.jpg,0,0,0,0,1,0
IMG_1040.jpg,0,1,0,0,0,0
IMG_2576.jpg,1,0,0,0,0,0
IMG_1259.jpg,0,1,0,0,0,0
IMG_2876.jpg,0,0,0,0,1,0
IMG_0331.jpg,0,1,0,0,0,0
IMG_2425.jpg,0,0,0,1,0,0
IMG_0225.jpg,1,0,0,0,0,0
IMG_1690.jpg,1,0,0,0,0,0
IMG_2901.jpg,0,0,0,0,1,0
IMG_0033.jpg,1,0,0,0,0,0
IMG_2793.jpg,1,0,0,0,0,0
IMG_2968.jpg,1,0,0,0,0,0
IMG_2993.jpg,1,0,0,0,0,0
IMG_1538.jpg,0,0,0,0,0,1
IMG_2782.jpg,0,0,1,0,0,0
IMG_1663.jpg,0,0,0,0,0,1
IMG_1033.jpg,0,0,0,0,0,1
IMG_1748.jpg,0,0,0,0,0,1
IMG_1524.jpg,0,0,0,0,0,1
IMG_1308.jpg,0,0,0,0,0,1
IMG_1786.jpg,1,0,0,0,0,0
IMG_0152.jpg,1,0,0,0,0,0
IMG_1209.jpg,0,1,0,0,0,0
IMG_0677.jpg,0,1,0,0,0,0
IMG_1267.jpg,0,1,0,0,0,0
IMG_2652.jpg,0,1,0,0,0,0
IMG_1376.jpg,0,0,1,0,0,0
IMG_2727.jpg,0,0,0,1,0,0
IMG_0985.jpg,1,0,0,0,0,0
IMG_2339.jpg,0,0,0,0,1,0
IMG_2038.jpg,0,0,0,0,0,1
IMG_1150.jpg,0,1,0,0,0,0
IMG_1091.jpg,0,0,0,0,0,1
IMG_0242.jpg,1,0,0,0,0,0
IMG_0829.jpg,0,0,0,1,0,0
IMG_2282.jpg,0,0,0,0,1,0
IMG_1687.jpg,0,1,0,0,0,0
IMG_1716.jpg,0,0,0,0,1,0
IMG_0142.jpg,1,0,0,0,0,0
IMG_2300.jpg,0,0,0,0,1,0
IMG_1106.jpg,0,1,0,0,0,0
IMG_1347.jpg,1,0,0,0,0,0
IMG_0618.jpg,0,1,0,0,0,0
IMG_0629.jpg,1,0,0,0,0,0
IMG_0119.jpg,1,0,0,0,0,0
IMG_1717.jpg,1,0,0,0,0,0
IMG_2416.jpg,0,0,0,1,0,0
IMG_1511.jpg,0,0,0,0,0,1
IMG_1309.jpg,0,1,0,0,0,0
IMG_0218.jpg,1,0,0,0,0,0
IMG_1658.jpg,0,0,0,0,1,0
IMG_1289.jpg,0,0,0,0,0,1
IMG_2653.jpg,0,0,0,0,1,0
IMG_2261.jpg,0,0,0,1,0,0
IMG_2495.jpg,0,0,1,0,0,0
IMG_0325.jpg,1,0,0,0,0,0
IMG_0281.jpg,1,0,0,0,0,0
IMG_2208.jpg,0,0,0,0,1,0
IMG_1823.jpg,0,0,0,0,1,0
IMG_0492.jpg,1,0,0,0,0,0
IMG_2510.jpg,0,0,0,1,0,0
IMG_0336.jpg,0,0,0,1,0,0
IMG_2884.jpg,1,0,0,0,0,0
IMG_2515.jpg,0,0,0,0,1,0
IMG_1977.jpg,0,1,0,0,0,0
IMG_1517.jpg,0,0,0,1,0,0
IMG_2017.jpg,1,0,0,0,0,0
IMG_0180.jpg,0,1,0,0,0,0
IMG_1664.jpg,0,0,0,0,0,1
IMG_2432.jpg,0,1,0,0,0,0
IMG_2139.jpg,0,1,0,0,0,0
IMG_2123.jpg,0,1,0,0,0,0
IMG_1940.jpg,0,1,0,0,0,0
IMG_1102.jpg,0,0,0,0,0,1
IMG_0317.jpg,1,0,0,0,0,0
IMG_1912.jpg,0,0,0,0,0,1
IMG_2866.jpg,1,0,0,0,0,0
IMG_2931.jpg,0,1,0,0,0,0
IMG_0196.jpg,0,1,0,0,0,0
IMG_1604.jpg,0,0,0,0,0,1
IMG_1595.jpg,0,0,0,0,0,1
IMG_2070.jpg,0,0,0,0,0,1
IMG_0464.jpg,0,1,0,0,0,0
IMG_1286.jpg,0,1,0,0,0,0
IMG_1377.jpg,0,0,0,1,0,0
IMG_1556.jpg,0,0,0,0,0,1
IMG_0237.jpg,1,0,0,0,0,0
IMG_0860.jpg,1,0,0,0,0,0
IMG_2577.jpg,0,0,0,1,0,0
IMG_0080.jpg,0,0,1,0,0,0
IMG_0751.jpg,0,1,0,0,0,0
IMG_0796.jpg,0,0,0,0,0,1
IMG_2963.jpg,0,0,0,1,0,0
IMG_1195.jpg,0,0,0,0,0,1
IMG_1393.jpg,0,0,0,0,0,1
IMG_1478.jpg,0,0,0,0,0,1
IMG_1802.jpg,0,0,0,0,0,1
IMG_1691.jpg,0,0,1,0,0,0
IMG_1424.jpg,0,0,0,0,1,0
IMG_1504.jpg,0,0,0,0,0,1
IMG_2639.jpg,1,0,0,0,0,0
IMG_0711.jpg,0,1,0,0,0,0
IMG_2180.jpg,0,0,0,1,0,0
IMG_2308.jpg,0,0,0,0,1,0
IMG_0605.jpg,0,0,0,0,0,1
IMG_2647.jpg,0,0,0,1,0,0
IMG_2802.jpg,0,0,0,0,1,0
IMG_2531.jpg,1,0,0,0,0,0
IMG_2728.jpg,0,0,0,1,0,0
IMG_1180.jpg,0,0,0,1,0,0
IMG_0636.jpg,1,0,0,0,0,0
IMG_0047.jpg,0,0,0,1,0,0
IMG_1004.jpg,0,1,0,0,0,0
IMG_0388.jpg,1,0,0,0,0,0
IMG_2819.jpg,1,0,0,0,0,0
IMG_1044.jpg,0,1,0,0,0,0
IMG_0184.jpg,0,0,0,0,1,0
IMG_1891.jpg,0,1,0,0,0,0
IMG_1098.jpg,0,0,0,0,0,1
IMG_0619.jpg,0,0,0,0,0,1
IMG_1276.jpg,0,0,0,0,0,1
IMG_2718.jpg,0,1,0,0,0,0
IMG_2699.jpg,0,0,0,0,1,0
IMG_1118.jpg,0,1,0,0,0,0
IMG_2022.jpg,0,0,0,0,0,1
IMG_1847.jpg,0,0,1,0,0,0
IMG_2213.jpg,1,0,0,0,0,0
IMG_2098.jpg,0,0,0,0,1,0
IMG_2018.jpg,1,0,0,0,0,0
IMG_0472.jpg,1,0,0,0,0,0
IMG_1151.jpg,0,0,0,0,0,1
IMG_0360.jpg,0,0,0,1,0,0
IMG_0948.jpg,1,0,0,0,0,0
IMG_2071.jpg,0,0,0,0,1,0
IMG_0959.jpg,0,0,0,1,0,0
IMG_0894.jpg,0,1,0,0,0,0
IMG_1591.jpg,0,0,0,0,0,1
IMG_2437.jpg,0,1,0,0,0,0
IMG_1623.jpg,0,0,0,0,0,1
IMG_0820.jpg,0,1,0,0,0,0
IMG_0473.jpg,1,0,0,0,0,0
IMG_1768.jpg,1,0,0,0,0,0
IMG_0537.jpg,0,1,0,0,0,0
IMG_1348.jpg,0,0,0,0,1,0
IMG_1777.jpg,0,0,0,0,1,0
IMG_2124.jpg,0,0,0,0,1,0
IMG_1518.jpg,0,0,0,1,0,0
IMG_1638.jpg,0,0,0,0,0,1
IMG_1948.jpg,0,0,0,0,0,1
IMG_0806.jpg,1,0,0,0,0,0
IMG_2654.jpg,0,0,0,0,1,0
IMG_1494.jpg,0,0,0,0,0,1
IMG_0746.jpg,1,0,0,0,0,0
IMG_1562.jpg,1,0,0,0,0,0
IMG_0566.jpg,0,0,0,0,0,1
IMG_0538.jpg,0,1,0,0,0,0
IMG_0613.jpg,0,0,0,0,0,1
IMG_1540.jpg,0,0,0,0,0,1
IMG_1217.jpg,0,0,0,0,0,1
IMG_2307.jpg,0,0,0,0,1,0
IMG_1119.jpg,0,1,0,0,0,0
IMG_2763.jpg,0,0,0,1,0,0
IMG_0979.jpg,0,0,0,0,0,1
IMG_1563.jpg,1,0,0,0,0,0
IMG_2241.jpg,0,0,0,1,0,0
IMG_2505.jpg,0,0,1,0,0,0
IMG_2750.jpg,1,0,0,0,0,0
IMG_0533.jpg,1,0,0,0,0,0
IMG_1298.jpg,0,1,0,0,0,0
IMG_1171.jpg,0,0,0,0,0,1
IMG_2276.jpg,0,0,0,1,0,0
IMG_1416.jpg,0,0,0,0,0,1
IMG_2578.jpg,0,1,0,0,0,0
IMG_1557.jpg,0,0,0,0,0,1
IMG_1941.jpg,0,1,0,0,0,0
IMG_0574.jpg,0,0,0,0,0,1
IMG_2277.jpg,0,0,0,0,1,0
IMG_2396.jpg,0,0,0,0,1,0
IMG_2933.jpg,0,1,0,0,0,0
IMG_1340.jpg,1,0,0,0,0,0
IMG_2214.jpg,0,0,0,1,0,0
IMG_0580.jpg,1,0,0,0,0,0
IMG_0665.jpg,1,0,0,0,0,0
IMG_2850.jpg,0,0,0,1,0,0
IMG_0550.jpg,0,0,0,1,0,0
IMG_1260.jpg,0,1,0,0,0,0
IMG_1764.jpg,0,0,0,0,0,1
IMG_1287.jpg,0,1,0,0,0,0
IMG_0678.jpg,0,0,0,0,0,1
IMG_0878.jpg,1,0,0,0,0,0
IMG_2447.jpg,0,1,0,0,0,0
IMG_1370.jpg,0,0,0,0,0,1
IMG_2132.jpg,0,1,0,0,0,0
IMG_2342.jpg,0,0,0,0,1,0
IMG_2470.jpg,0,1,0,0,0,0
IMG_0005.jpg,1,0,0,0,0,0
IMG_2633.jpg,0,0,0,1,0,0
IMG_0222.jpg,1,0,0,0,0,0
IMG_1619.jpg,0,0,0,0,0,1
IMG_1832.jpg,0,0,0,0,0,1
IMG_2516.jpg,0,0,0,0,1,0
IMG_0834.jpg,0,1,0,0,0,0
IMG_0233.jpg,1,0,0,0,0,0
IMG_2183.jpg,1,0,0,0,0,0
IMG_2466.jpg,0,0,0,1,0,0
IMG_0167.jpg,0,0,1,0,0,0
IMG_0992.jpg,0,0,0,0,0,1
IMG_2232.jpg,1,0,0,0,0,0
IMG_2729.jpg,0,0,1,0,0,0
IMG_2159.jpg,0,1,0,0,0,0
IMG_1989.jpg,1,0,0,0,0,0
IMG_2735.jpg,1,0,0,0,0,0
IMG_1244.jpg,0,1,0,0,0,0
IMG_1335.jpg,0,0,1,0,0,0
IMG_1405.jpg,0,0,0,0,0,1
IMG_1213.jpg,0,0,0,0,0,1
IMG_2164.jpg,1,0,0,0,0,0
IMG_1008.jpg,0,1,0,0,0,0
IMG_0866.jpg,0,1,0,0,0,0
IMG_1652.jpg,0,0,0,0,0,1
IMG_0509.jpg,0,0,0,0,0,1
IMG_1198.jpg,0,1,0,0,0,0
IMG_0983.jpg,1,0,0,0,0,0
IMG_0214.jpg,1,0,0,0,0,0
IMG_2379.jpg,0,0,0,0,1,0
IMG_2977.jpg,0,0,0,0,1,0
IMG_0301.jpg,0,0,1,0,0,0
IMG_1042.jpg,0,1,0,0,0,0
IMG_2401.jpg,1,0,0,0,0,0
IMG_0034.jpg,0,0,0,0,1,0
IMG_2036.jpg,0,1,0,0,0,0
IMG_2942.jpg,0,0,1,0,0,0
IMG_0139.jpg,0,0,0,0,1,0
IMG_2220.jpg,0,0,0,0,1,0
IMG_1336.jpg,0,0,0,0,1,0
IMG_1982.jpg,1,0,0,0,0,0
IMG_1423.jpg,0,0,0,0,1,0
IMG_1641.jpg,0,0,0,0,1,0
IMG_1969.jpg,0,0,0,0,0,1
IMG_0643.jpg,0,1,0,0,0,0
IMG_2965.jpg,0,0,0,0,1,0
IMG_2780.jpg,0,0,0,1,0,0
IMG_0842.jpg,1,0,0,0,0,0
IMG_0770.jpg,0,0,0,0,1,0
IMG_2752.jpg,1,0,0,0,0,0
IMG_0966.jpg,0,0,0,0,1,0
IMG_0548.jpg,1,0,0,0,0,0
IMG_0909.jpg,1,0,0,0,0,0
IMG_1415.jpg,0,0,0,0,0,1
IMG_1704.jpg,0,0,0,0,0,1
IMG_2352.jpg,0,0,0,0,1,0
IMG_2462.jpg,0,0,0,0,1,0
IMG_2015.jpg,1,0,0,0,0,0
IMG_2725.jpg,0,0,1,0,0,0
IMG_0855.jpg,0,0,0,0,0,1
IMG_1944.jpg,0,0,0,0,1,0
IMG_0358.jpg,0,0,0,1,0,0
IMG_2083.jpg,0,0,0,0,1,0
IMG_2306.jpg,0,0,0,0,1,0
IMG_2238.jpg,0,0,0,1,0,0
IMG_1997.jpg,0,0,0,0,0,1
IMG_1465.jpg,0,0,0,0,0,1
IMG_1252.jpg,1,0,0,0,0,0
IMG_2190.jpg,1,0,0,0,0,0
IMG_1530.jpg,1,0,0,0,0,0
IMG_1490.jpg,0,0,0,0,0,1
IMG_2435.jpg,0,0,1,0,0,0
IMG_2407.jpg,0,1,0,0,0,0
IMG_0220.jpg,1,0,0,0,0,0
IMG_1492.jpg,0,0,0,0,0,1
IMG_2770.jpg,1,0,0,0,0,0
IMG_1760.jpg,0,0,0,0,0,1
IMG_2893.jpg,0,0,0,0,1,0
IMG_2177.jpg,0,0,0,1,0,0
IMG_2503.jpg,0,0,1,0,0,0
IMG_1925.jpg,0,0,0,0,0,1
IMG_0940.jpg,0,0,0,0,0,1
IMG_1911.jpg,1,0,0,0,0,0
IMG_1844.jpg,0,0,0,1,0,0
IMG_1397.jpg,0,0,0,0,0,1
IMG_0745.jpg,1,0,0,0,0,0
IMG_0124.jpg,0,0,0,1,0,0
IMG_0138.jpg,1,0,0,0,0,0
IMG_1897.jpg,0,0,0,0,0,1
IMG_0808.jpg,0,1,0,0,0,0
IMG_0524.jpg,0,0,0,0,0,1
IMG_0763.jpg,0,0,0,1,0,0
IMG_1656.jpg,0,0,0,0,0,1
IMG_2619.jpg,0,1,0,0,0,0
IMG_1255.jpg,0,0,0,0,0,1
IMG_2753.jpg,0,1,0,0,0,0
IMG_0148.jpg,0,1,0,0,0,0
IMG_2084.jpg,0,0,0,0,0,1
IMG_2671.jpg,0,0,0,0,1,0
IMG_2665.jpg,0,0,0,1,0,0
IMG_0471.jpg,0,1,0,0,0,0
IMG_2402.jpg,1,0,0,0,0,0
IMG_2442.jpg,0,0,0,0,1,0
IMG_2182.jpg,1,0,0,0,0,0
IMG_0764.jpg,0,0,1,0,0,0
IMG_2540.jpg,0,0,0,1,0,0
IMG_0247.jpg,1,0,0,0,0,0
IMG_0287.jpg,1,0,0,0,0,0
IMG_1297.jpg,0,1,0,0,0,0
IMG_2008.jpg,0,1,0,0,0,0
IMG_2058.jpg,0,0,0,1,0,0
IMG_1081.jpg,0,0,0,0,0,1
IMG_1570.jpg,0,0,0,0,0,1
IMG_1193.jpg,0,1,0,0,0,0
IMG_0828.jpg,0,0,0,1,0,0
IMG_0340.jpg,0,0,0,1,0,0
IMG_1627.jpg,0,0,0,0,0,1
IMG_0737.jpg,0,0,0,0,0,1
IMG_2192.jpg,0,0,0,0,1,0
IMG_1337.jpg,0,0,0,1,0,0
IMG_0710.jpg,1,0,0,0,0,0
IMG_0480.jpg,1,0,0,0,0,0
IMG_1845.jpg,1,0,0,0,0,0
IMG_2899.jpg,0,0,0,0,1,0
IMG_1190.jpg,0,0,0,0,0,1
IMG_0602.jpg,1,0,0,0,0,0
IMG_1889.jpg,1,0,0,0,0,0
IMG_0804.jpg,1,0,0,0,0,0
IMG_0433.jpg,0,0,0,0,0,1
IMG_0346.jpg,0,0,0,1,0,0
IMG_1761.jpg,1,0,0,0,0,0
IMG_2530.jpg,1,0,0,0,0,0
IMG_0241.jpg,1,0,0,0,0,0
IMG_0910.jpg,0,0,0,0,0,1
IMG_2493.jpg,0,0,1,0,0,0
IMG_2185.jpg,0,0,0,1,0,0
IMG_1338.jpg,0,0,0,1,0,0
IMG_0917.jpg,0,1,0,0,0,0
IMG_0777.jpg,0,0,0,0,0,1
IMG_0039.jpg,0,0,0,1,0,0
IMG_0817.jpg,0,1,0,0,0,0
IMG_1731.jpg,0,0,0,0,1,0
IMG_1810.jpg,0,0,0,0,0,1
IMG_2586.jpg,0,0,0,1,0,0
IMG_2138.jpg,0,0,0,0,1,0
IMG_3002.jpg,0,0,0,0,1,0
IMG_2603.jpg,0,0,0,1,0,0
IMG_2020.jpg,0,0,0,0,1,0
IMG_1970.jpg,0,0,0,0,0,1
IMG_0004.jpg,1,0,0,0,0,0
IMG_0079.jpg,0,0,1,0,0,0
IMG_2693.jpg,1,0,0,0,0,0
IMG_0627.jpg,0,0,0,0,1,0
IMG_1580.jpg,0,0,0,0,0,1
IMG_1101.jpg,0,0,0,0,0,1
IMG_0146.jpg,1,0,0,0,0,0
IMG_2527.jpg,0,1,0,0,0,0
IMG_0363.jpg,0,0,0,1,0,0
IMG_0260.jpg,0,1,0,0,0,0
IMG_2897.jpg,0,0,0,0,1,0
IMG_1262.jpg,0,1,0,0,0,0
IMG_2029.jpg,1,0,0,0,0,0
IMG_2604.jpg,0,0,0,0,1,0
IMG_0341.jpg,0,0,0,1,0,0
IMG_1069.jpg,1,0,0,0,0,0
IMG_2113.jpg,0,1,0,0,0,0
IMG_2002.jpg,0,0,0,0,1,0
IMG_0510.jpg,0,1,0,0,0,0
IMG_1412.jpg,0,0,0,0,0,1
IMG_1216.jpg,0,1,0,0,0,0
IMG_0818.jpg,0,0,0,0,0,1
IMG_2486.jpg,0,0,1,0,0,0
IMG_2233.jpg,0,0,0,1,0,0
IMG_0887.jpg,0,0,0,0,0,1
IMG_0497.jpg,0,1,0,0,0,0
IMG_1115.jpg,0,0,0,1,0,0
IMG_2273.jpg,0,0,0,1,0,0
IMG_2021.jpg,0,0,0,0,0,1
IMG_1739.jpg,0,0,0,0,0,1
IMG_2501.jpg,0,1,0,0,0,0
IMG_1055.jpg,0,0,0,0,0,1
IMG_2318.jpg,1,0,0,0,0,0
IMG_1772.jpg,1,0,0,0,0,0
IMG_1435.jpg,0,0,0,0,0,1
IMG_2742.jpg,0,0,0,0,1,0
IMG_1936.jpg,0,0,0,0,0,1
IMG_2829.jpg,0,0,0,1,0,0
IMG_1324.jpg,0,0,0,0,0,1
IMG_0856.jpg,0,0,0,0,0,1
IMG_2205.jpg,0,1,0,0,0,0
IMG_1116.jpg,0,0,0,0,1,0
IMG_2221.jpg,0,0,0,1,0,0
IMG_2130.jpg,0,0,0,0,1,0
IMG_1502.jpg,0,0,0,0,0,1
IMG_1931.jpg,1,0,0,0,0,0
IMG_2659.jpg,0,0,0,1,0,0
IMG_0230.jpg,1,0,0,0,0,0
IMG_1732.jpg,0,0,0,0,0,1
IMG_1958.jpg,0,0,0,0,1,0
IMG_1241.jpg,0,0,0,0,1,0
IMG_1095.jpg,0,0,0,0,0,1
IMG_0068.jpg,0,1,0,0,0,0
IMG_2839.jpg,0,0,0,1,0,0
IMG_0319.jpg,0,0,0,1,0,0
IMG_2771.jpg,1,0,0,0,0,0
IMG_2761.jpg,0,0,0,1,0,0
IMG_1438.jpg,0,0,0,0,0,1
IMG_1597.jpg,0,1,0,0,0,0
IMG_2946.jpg,1,0,0,0,0,0
IMG_1288.jpg,0,0,0,0,0,1
IMG_0044.jpg,0,1,0,0,0,0
IMG_0716.jpg,0,1,0,0,0,0
IMG_1801.jpg,0,0,0,0,0,1
IMG_1531.jpg,0,1,0,0,0,0
IMG_0859.jpg,0,0,0,0,0,1
IMG_1630.jpg,0,0,0,0,0,1
IMG_2079.jpg,1,0,0,0,0,0
IMG_0984.jpg,1,0,0,0,0,0
IMG_0212.jpg,1,0,0,0,0,0
IMG_2632.jpg,0,0,0,1,0,0
IMG_1064.jpg,0,1,0,0,0,0
IMG_1387.jpg,1,0,0,0,0,0
IMG_1714.jpg,0,0,0,0,0,1
IMG_0070.jpg,0,0,0,1,0,0
IMG_2178.jpg,1,0,0,0,0,0
IMG_1740.jpg,0,1,0,0,0,0
IMG_2810.jpg,0,0,0,0,1,0
IMG_2387.jpg,0,0,0,0,1,0
IMG_0918.jpg,0,1,0,0,0,0
IMG_1987.jpg,0,0,0,0,1,0
IMG_1552.jpg,0,0,0,0,0,1
IMG_2852.jpg,1,0,0,0,0,0
IMG_1503.jpg,0,0,0,0,0,1
IMG_0118.jpg,1,0,0,0,0,0
IMG_2224.jpg,0,0,0,0,1,0
IMG_1952.jpg,1,0,0,0,0,0
IMG_1945.jpg,0,0,0,0,1,0
IMG_2627.jpg,0,0,0,1,0,0
IMG_1009.jpg,0,1,0,0,0,0
IMG_1677.jpg,0,0,0,0,1,0
IMG_1898.jpg,0,0,0,0,1,0
IMG_2068.jpg,0,1,0,0,0,0
IMG_1075.jpg,0,0,0,0,0,1
IMG_0092.jpg,0,1,0,0,0,0
IMG_1555.jpg,0,0,0,0,0,1
IMG_1291.jpg,0,0,0,0,0,1
IMG_0250.jpg,1,0,0,0,0,0
IMG_0525.jpg,0,0,0,0,0,1
IMG_0172.jpg,0,0,0,0,1,0
IMG_0356.jpg,0,0,0,1,0,0
IMG_1612.jpg,0,0,0,0,1,0
IMG_0029.jpg,0,1,0,0,0,0
IMG_2027.jpg,0,0,0,0,1,0
IMG_2587.jpg,1,0,0,0,0,0
IMG_0311.jpg,0,0,0,1,0,0
IMG_0302.jpg,0,0,1,0,0,0
IMG_1222.jpg,0,0,0,0,0,1
IMG_2335.jpg,1,0,0,0,0,0
IMG_2733.jpg,0,0,0,0,1,0
IMG_1983.jpg,1,0,0,0,0,0
IMG_1450.jpg,0,0,0,0,0,1
IMG_2392.jpg,1,0,0,0,0,0
IMG_0112.jpg,1,0,0,0,0,0
IMG_0127.jpg,0,0,0,1,0,0
IMG_1388.jpg,1,0,0,0,0,0
IMG_1194.jpg,0,0,0,0,0,1
IMG_1279.jpg,0,1,0,0,0,0
IMG_1811.jpg,0,1,0,0,0,0
IMG_0371.jpg,0,0,1,0,0,0
IMG_1105.jpg,0,1,0,0,0,0
IMG_0578.jpg,0,0,0,0,0,1
IMG_2380.jpg,1,0,0,0,0,0
IMG_0412.jpg,0,0,1,0,0,0
IMG_1598.jpg,0,1,0,0,0,0
IMG_2684.jpg,1,0,0,0,0,0
IMG_1878.jpg,0,1,0,0,0,0
IMG_0481.jpg,0,1,0,0,0,0
IMG_2955.jpg,0,0,0,0,1,0
IMG_2861.jpg,0,0,0,0,1,0
IMG_1890.jpg,1,0,0,0,0,0
IMG_2030.jpg,1,0,0,0,0,0
IMG_0017.jpg,1,0,0,0,0,0
IMG_0888.jpg,0,1,0,0,0,0
IMG_0203.jpg,0,0,0,1,0,0
IMG_1369.jpg,0,0,0,0,0,1
IMG_0694.jpg,1,0,0,0,0,0
IMG_1804.jpg,0,0,0,0,0,1
IMG_1628.jpg,0,0,0,0,0,1
IMG_0922.jpg,0,1,0,0,0,0
IMG_0717.jpg,0,1,0,0,0,0
IMG_1417.jpg,0,0,0,1,0,0
IMG_0032.jpg,1,0,0,0,0,0
IMG_1805.jpg,1,0,0,0,0,0
IMG_1636.jpg,0,0,0,0,0,1
IMG_1413.jpg,0,0,0,0,0,1
IMG_2708.jpg,0,1,0,0,0,0
IMG_2114.jpg,0,1,0,0,0,0
IMG_1606.jpg,0,0,0,0,0,1
IMG_1806.jpg,0,0,0,0,0,1
IMG_0403.jpg,1,0,0,0,0,0
IMG_2104.jpg,0,1,0,0,0,0
IMG_1959.jpg,0,0,0,0,1,0
IMG_0064.jpg,0,0,0,1,0,0
IMG_0420.jpg,0,0,0,0,1,0
IMG_0117.jpg,0,0,0,1,0,0
IMG_1937.jpg,0,1,0,0,0,0
IMG_2508.jpg,1,0,0,0,0,0
IMG_1367.jpg,0,0,0,0,0,1
IMG_0018.jpg,1,0,0,0,0,0
IMG_0221.jpg,1,0,0,0,0,0
IMG_1917.jpg,1,0,0,0,0,0
IMG_0391.jpg,1,0,0,0,0,0
IMG_2050.jpg,1,0,0,0,0,0
IMG_0395.jpg,1,0,0,0,0,0
IMG_2915.jpg,0,1,0,0,0,0
IMG_2476.jpg,0,0,0,0,1,0
IMG_1953.jpg,0,0,0,0,0,1
IMG_1946.jpg,0,0,0,0,0,1
IMG_1491.jpg,0,0,0,0,0,1
IMG_2037.jpg,0,0,0,0,0,1
IMG_1581.jpg,0,0,0,0,0,1
IMG_2319.jpg,0,1,0,0,0,0
IMG_1013.jpg,0,0,1,0,0,0
IMG_2179.jpg,0,0,0,1,0,0
IMG_1821.jpg,0,0,0,0,0,1
IMG_0742.jpg,0,1,0,0,0,0
IMG_2328.jpg,0,0,0,0,1,0
IMG_2559.jpg,0,0,0,1,0,0
IMG_1208.jpg,0,1,0,0,0,0
IMG_0603.jpg,0,0,0,0,0,1
IMG_2368.jpg,0,0,0,0,1,0
IMG_1546.jpg,0,0,0,0,0,1
IMG_0113.jpg,1,0,0,0,0,0
IMG_1130.jpg,0,1,0,0,0,0
IMG_0599.jpg,0,0,0,0,0,1
IMG_0793.jpg,0,0,0,0,0,1
IMG_1176.jpg,0,1,0,0,0,0
IMG_2463.jpg,0,0,0,1,0,0
IMG_1885.jpg,0,0,0,0,0,1
IMG_1603.jpg,0,0,0,0,0,1
IMG_2746.jpg,0,0,0,1,0,0
IMG_1684.jpg,0,1,0,0,0,0
IMG_1960.jpg,0,0,0,0,0,1
IMG_2097.jpg,1,0,0,0,0,0
IMG_2582.jpg,0,0,0,1,0,0
IMG_0450.jpg,1,0,0,0,0,0
IMG_0163.jpg,1,0,0,0,0,0
IMG_2573.jpg,1,0,0,0,0,0
IMG_0236.jpg,1,0,0,0,0,0
IMG_1448.jpg,0,0,0,0,0,1
IMG_0446.jpg,0,0,0,0,0,1
IMG_2093.jpg,1,0,0,0,0,0
IMG_1131.jpg,0,1,0,0,0,0
IMG_1321.jpg,0,0,0,0,0,1
IMG_2817.jpg,0,0,0,1,0,0
IMG_0833.jpg,0,0,0,0,0,1
IMG_2594.jpg,0,0,0,1,0,0
IMG_2059.jpg,0,0,0,1,0,0
IMG_0511.jpg,0,1,0,0,0,0
IMG_1482.jpg,0,0,0,0,0,1
IMG_1621.jpg,0,0,0,0,0,1
IMG_0967.jpg,0,0,0,0,0,1
IMG_1776.jpg,0,0,0,0,0,1
IMG_0316.jpg,1,0,0,0,0,0
IMG_1214.jpg,0,0,0,0,0,1
IMG_1132.jpg,0,0,0,0,0,1
IMG_2274.jpg,0,0,0,1,0,0
IMG_1938.jpg,0,0,0,0,0,1
IMG_0151.jpg,1,0,0,0,0,0
IMG_2490.jpg,1,0,0,0,0,0
IMG_1285.jpg,0,1,0,0,0,0
IMG_2451.jpg,1,0,0,0,0,0
IMG_1355.jpg,0,0,0,0,0,1
IMG_0635.jpg,0,0,0,0,0,1
IMG_1642.jpg,0,0,0,0,1,0
IMG_2799.jpg,1,0,0,0,0,0
IMG_1846.jpg,0,1,0,0,0,0
IMG_2754.jpg,0,1,0,0,0,0
IMG_0604.jpg,0,1,0,0,0,0
IMG_1657.jpg,0,0,0,0,1,0
IMG_2830.jpg,0,0,0,1,0,0
IMG_0811.jpg,1,0,0,0,0,0
IMG_2131.jpg,0,0,0,0,1,0
IMG_0839.jpg,0,1,0,0,0,0
IMG_0664.jpg,1,0,0,0,0,0
IMG_1585.jpg,0,0,0,0,0,1
IMG_2147.jpg,0,1,0,0,0,0
IMG_0536.jpg,1,0,0,0,0,0
IMG_0368.jpg,0,1,0,0,0,0
IMG_2016.jpg,0,0,0,0,1,0
IMG_1599.jpg,0,1,0,0,0,0
IMG_0269.jpg,0,1,0,0,0,0
IMG_1177.jpg,0,1,0,0,0,0
IMG_2231.jpg,1,0,0,0,0,0
IMG_2685.jpg,1,0,0,0,0,0
IMG_2477.jpg,0,0,0,0,1,0
IMG_2363.jpg,0,1,0,0,0,0
IMG_0382.jpg,0,0,1,0,0,0
IMG_1263.jpg,0,0,0,0,0,1
IMG_2811.jpg,0,0,0,0,1,0
IMG_1037.jpg,0,0,0,0,0,1
IMG_0344.jpg,0,0,0,1,0,0
IMG_1178.jpg,0,0,0,0,1,0
IMG_1601.jpg,0,0,0,0,0,1
IMG_1059.jpg,0,0,0,0,0,1
IMG_2862.jpg,0,1,0,0,0,0
IMG_0923.jpg,0,1,0,0,0,0
IMG_2605.jpg,0,1,0,0,0,0
IMG_2414.jpg,0,0,0,0,1,0
IMG_0628.jpg,1,0,0,0,0,0
IMG_2239.jpg,0,0,0,0,1,0
IMG_1613.jpg,1,0,0,0,0,0
IMG_2734.jpg,0,0,0,0,1,0
IMG_2666.jpg,0,0,0,1,0,0
IMG_1307.jpg,0,1,0,0,0,0
IMG_0008.jpg,1,0,0,0,0,0
IMG_2646.jpg,1,0,0,0,0,0
IMG_2415.jpg,1,0,0,0,0,0
IMG_0430.jpg,1,0,0,0,0,0
IMG_0013.jpg,0,0,0,1,0,0
IMG_1090.jpg,0,0,0,0,0,1
IMG_2992.jpg,1,0,0,0,0,0
IMG_1117.jpg,1,0,0,0,0,0
IMG_1050.jpg,0,1,0,0,0,0
IMG_2115.jpg,0,0,0,0,1,0
IMG_0702.jpg,0,0,0,0,0,1
IMG_0573.jpg,0,0,0,0,0,1
IMG_0359.jpg,0,0,0,1,0,0
IMG_1199.jpg,0,1,0,0,0,0
IMG_2034.jpg,1,0,0,0,0,0
IMG_0266.jpg,0,1,0,0,0,0
IMG_0071.jpg,0,0,0,1,0,0
IMG_2197.jpg,1,0,0,0,0,0
IMG_1939.jpg,0,0,0,0,0,1
IMG_2686.jpg,0,1,0,0,0,0
IMG_2148.jpg,0,0,1,0,0,0
IMG_2962.jpg,0,0,0,1,0,0
IMG_1715.jpg,1,0,0,0,0,0
IMG_1096.jpg,0,1,0,0,0,0
IMG_0383.jpg,0,0,1,0,0,0
IMG_2574.jpg,0,0,0,1,0,0
IMG_0988.jpg,0,0,0,0,0,1
IMG_1003.jpg,0,1,0,0,0,0
IMG_0049.jpg,0,0,0,1,0,0
IMG_2873.jpg,0,0,0,0,1,0
IMG_1762.jpg,0,0,0,0,1,0
IMG_2575.jpg,0,0,0,1,0,0
IMG_2759.jpg,0,0,0,1,0,0
IMG_1539.jpg,0,0,0,0,0,1
IMG_1701.jpg,0,1,0,0,0,0
IMG_0891.jpg,0,1,0,0,0,0
IMG_0354.jpg,0,0,0,1,0,0
IMG_1920.jpg,0,0,1,0,0,0
IMG_1284.jpg,0,0,0,0,0,1
IMG_0243.jpg,1,0,0,0,0,0
IMG_1659.jpg,0,0,0,0,0,1
IMG_2144.jpg,0,1,0,0,0,0
IMG_0467.jpg,0,0,0,0,0,1
IMG_2535.jpg,0,1,0,0,0,0
IMG_0003.jpg,1,0,0,0,0,0
IMG_0284.jpg,1,0,0,0,0,0
IMG_0438.jpg,1,0,0,0,0,0
IMG_2691.jpg,0,0,0,1,0,0
IMG_0075.jpg,0,0,1,0,0,0
IMG_0674.jpg,1,0,0,0,0,0
IMG_1392.jpg,0,1,0,0,0,0
IMG_0884.jpg,0,0,0,0,1,0
IMG_2255.jpg,0,0,0,1,0,0
IMG_0807.jpg,0,1,0,0,0,0
IMG_1758.jpg,1,0,0,0,0,0
IMG_0939.jpg,0,0,0,0,0,1
IMG_2228.jpg,0,0,0,0,1,0
IMG_2324.jpg,1,0,0,0,0,0
IMG_0528.jpg,1,0,0,0,0,0
IMG_2004.jpg,1,0,0,0,0,0
IMG_2631.jpg,0,0,0,1,0,0
IMG_1047.jpg,0,0,0,0,0,1
IMG_1062.jpg,0,0,0,0,0,1
IMG_1602.jpg,0,0,0,0,0,1
IMG_2958.jpg,0,0,0,1,0,0
IMG_0824.jpg,0,0,0,0,0,1
IMG_0945.jpg,0,1,0,0,0,0
IMG_0012.jpg,1,0,0,0,0,0
IMG_0065.jpg,0,0,0,1,0,0
IMG_2154.jpg,0,1,0,0,0,0
IMG_0177.jpg,0,0,0,1,0,0
IMG_2766.jpg,0,0,1,0,0,0
IMG_2325.jpg,0,0,0,1,0,0
IMG_1803.jpg,0,0,0,0,0,1
IMG_0516.jpg,0,1,0,0,0,0
IMG_2457.jpg,1,0,0,0,0,0
IMG_1709.jpg,1,0,0,0,0,0
IMG_0753.jpg,0,1,0,0,0,0
IMG_2526.jpg,0,1,0,0,0,0
IMG_0714.jpg,0,0,0,0,1,0
IMG_2163.jpg,0,0,1,0,0,0
IMG_1851.jpg,0,0,1,0,0,0
IMG_0987.jpg,0,0,0,0,0,1
IMG_1683.jpg,0,1,0,0,0,0
IMG_0575.jpg,1,0,0,0,0,0
IMG_1647.jpg,0,0,0,0,1,0
IMG_1965.jpg,1,0,0,0,0,0
IMG_0294.jpg,1,0,0,0,0,0
IMG_0582.jpg,0,0,0,0,0,1
IMG_0873.jpg,0,0,0,0,0,1
IMG_2868.jpg,1,0,0,0,0,0
IMG_0030.jpg,0,1,0,0,0,0
IMG_2760.jpg,0,1,0,0,0,0
IMG_2612.jpg,0,1,0,0,0,0
IMG_2538.jpg,1,0,0,0,0,0
IMG_0165.jpg,1,0,0,0,0,0
IMG_1794.jpg,0,0,0,0,0,1
IMG_1584.jpg,1,0,0,0,0,0
IMG_0576.jpg,0,0,0,0,0,1
IMG_1575.jpg,0,0,0,0,0,1
IMG_1188.jpg,0,1,0,0,0,0
IMG_0507.jpg,0,0,0,0,0,1
IMG_1809.jpg,1,0,0,0,0,0
IMG_1152.jpg,0,0,0,0,0,1
IMG_2166.jpg,1,0,0,0,0,0
IMG_1887.jpg,0,0,0,0,0,1
IMG_0905.jpg,1,0,0,0,0,0
IMG_2172.jpg,0,0,0,0,1,0
IMG_2454.jpg,1,0,0,0,0,0
IMG_1872.jpg,1,0,0,0,0,0
IMG_0782.jpg,0,0,0,0,0,1
IMG_0501.jpg,0,0,0,0,0,1
IMG_2598.jpg,0,1,0,0,0,0
IMG_0051.jpg,0,0,0,1,0,0
IMG_0906.jpg,0,0,0,0,0,1
IMG_0285.jpg,1,0,0,0,0,0
IMG_0390.jpg,1,0,0,0,0,0
IMG_2985.jpg,0,0,0,1,0,0
IMG_0675.jpg,0,0,0,0,0,1
IMG_1542.jpg,0,0,0,0,0,1
IMG_1155.jpg,0,0,0,0,0,1
IMG_1827.jpg,0,0,0,0,1,0
IMG_0546.jpg,1,0,0,0,0,0
IMG_2229.jpg,0,0,0,0,1,0
IMG_1857.jpg,1,0,0,0,0,0
IMG_1170.jpg,0,0,0,0,0,1
IMG_0885.jpg,0,0,0,1,0,0
IMG_0750.jpg,0,0,0,0,0,1
IMG_1929.jpg,0,1,0,0,0,0
IMG_2256.jpg,0,0,0,1,0,0
IMG_1509.jpg,0,0,0,0,0,1
IMG_1422.jpg,0,0,0,1,0,0
IMG_2823.jpg,1,0,0,0,0,0
IMG_1011.jpg,0,1,0,0,0,0
IMG_1353.jpg,0,0,0,0,0,1
IMG_1710.jpg,1,0,0,0,0,0
IMG_2952.jpg,0,0,1,0,0,0
IMG_1311.jpg,0,0,0,0,0,1
IMG_1488.jpg,0,0,0,0,0,1
IMG_2469.jpg,0,1,0,0,0,0
IMG_0468.jpg,0,0,0,0,0,1
IMG_1074.jpg,0,1,0,0,0,0
IMG_0825.jpg,0,1,0,0,0,0
IMG_0732.jpg,1,0,0,0,0,0
IMG_2346.jpg,1,0,0,0,0,0
IMG_1461.jpg,0,0,1,0,0,0
IMG_0615.jpg,0,1,0,0,0,0
IMG_2145.jpg,1,0,0,0,0,0
IMG_0609.jpg,0,1,0,0,0,0
IMG_1566.jpg,0,0,0,0,1,0
IMG_2663.jpg,1,0,0,0,0,0
IMG_2664.jpg,1,0,0,0,0,0
IMG_1431.jpg,1,0,0,0,0,0
IMG_2928.jpg,0,0,1,0,0,0
IMG_0690.jpg,0,1,0,0,0,0
IMG_0762.jpg,1,0,0,0,0,0
IMG_0783.jpg,1,0,0,0,0,0
IMG_2253.jpg,0,0,0,1,0,0
IMG_0150.jpg,0,1,0,0,0,0
IMG_0963.jpg,0,0,0,0,1,0
IMG_2331.jpg,0,0,0,0,1,0
IMG_2043.jpg,0,1,0,0,0,0
IMG_2730.jpg,0,0,1,0,0,0
IMG_0042.jpg,0,0,1,0,0,0
IMG_1257.jpg,0,0,0,0,0,1
IMG_1896.jpg,0,0,0,0,1,0
IMG_2019.jpg,0,0,0,0,1,0
IMG_1056.jpg,0,0,0,0,0,1
IMG_1884.jpg,0,0,0,0,1,0
IMG_2556.jpg,0,1,0,0,0,0
IMG_0066.jpg,0,0,0,1,0,0
IMG_2613.jpg,0,0,0,1,0,0
IMG_1818.jpg,0,1,0,0,0,0
IMG_2295.jpg,0,0,1,0,0,0
IMG_2940.jpg,1,0,0,0,0,0
IMG_0246.jpg,1,0,0,0,0,0
IMG_1251.jpg,0,0,0,0,1,0
IMG_2298.jpg,0,0,0,0,1,0
IMG_2737.jpg,0,0,1,0,0,0
IMG_0506.jpg,0,1,0,0,0,0
IMG_1359.jpg,0,0,0,0,0,1
IMG_1485.jpg,0,0,0,0,0,1
IMG_0569.jpg,0,0,0,0,0,1
IMG_1029.jpg,1,0,0,0,0,0
IMG_0347.jpg,0,0,0,1,0,0
IMG_0999.jpg,0,0,0,0,0,1
IMG_1382.jpg,0,1,0,0,0,0
IMG_1836.jpg,1,0,0,0,0,0
IMG_0544.jpg,1,0,0,0,0,0
IMG_2181.jpg,1,0,0,0,0,0
IMG_0161.jpg,0,0,0,1,0,0
IMG_1429.jpg,0,1,0,0,0,0
IMG_2370.jpg,0,0,0,0,1,0
IMG_0540.jpg,0,1,0,0,0,0
IMG_0398.jpg,1,0,0,0,0,0
IMG_0366.jpg,0,0,0,1,0,0
IMG_0725.jpg,0,0,0,0,0,1
IMG_1398.jpg,0,0,0,0,0,1
IMG_1679.jpg,0,0,0,0,1,0
IMG_2356.jpg,0,0,0,1,0,0
IMG_0487.jpg,1,0,0,0,0,0
IMG_1304.jpg,0,0,0,0,1,0
IMG_0815.jpg,0,0,0,0,0,1
IMG_2596.jpg,0,0,0,1,0,0
IMG_2649.jpg,0,0,0,1,0,0
IMG_0570.jpg,0,1,0,0,0,0
IMG_1826.jpg,0,0,0,0,0,1
IMG_2089.jpg,0,0,0,0,1,0
IMG_1356.jpg,0,0,0,0,0,1
IMG_0816.jpg,1,0,0,0,0,0
IMG_2806.jpg,0,0,1,0,0,0
IMG_0831.jpg,0,0,1,0,0,0
IMG_2445.jpg,0,0,0,0,1,0
IMG_0255.jpg,0,1,0,0,0,0
IMG_1046.jpg,0,0,0,0,0,1
IMG_1344.jpg,0,1,0,0,0,0
IMG_0639.jpg,1,0,0,0,0,0
IMG_0021.jpg,1,0,0,0,0,0
IMG_0671.jpg,0,1,0,0,0,0
IMG_2258.jpg,1,0,0,0,0,0
IMG_1001.jpg,0,0,0,0,0,1
IMG_2662.jpg,0,0,0,1,0,0
IMG_1816.jpg,1,0,0,0,0,0
IMG_1766.jpg,0,0,0,0,1,0
IMG_2744.jpg,0,0,0,1,0,0
IMG_2939.jpg,1,0,0,0,0,0
IMG_1269.jpg,0,1,0,0,0,0
IMG_0929.jpg,0,0,0,0,0,1
IMG_0293.jpg,1,0,0,0,0,0
IMG_2814.jpg,0,0,0,1,0,0
IMG_1695.jpg,0,0,1,0,0,0
IMG_2571.jpg,0,1,0,0,0,0
IMG_1746.jpg,0,1,0,0,0,0
IMG_0273.jpg,0,1,0,0,0,0
IMG_1305.jpg,0,0,0,1,0,0
IMG_1108.jpg,0,0,0,0,0,1
IMG_2136.jpg,0,0,0,0,1,0
IMG_0672.jpg,0,1,0,0,0,0
IMG_1799.jpg,1,0,0,0,0,0
IMG_0441.jpg,0,0,0,0,0,1
IMG_1401.jpg,0,0,0,0,0,1
IMG_1368.jpg,0,0,0,0,0,1
IMG_0308.jpg,0,0,1,0,0,0
IMG_0417.jpg,0,0,0,1,0,0
IMG_2243.jpg,0,0,0,1,0,0
IMG_0414.jpg,0,0,1,0,0,0
IMG_2847.jpg,0,0,0,1,0,0
IMG_1159.jpg,0,1,0,0,0,0
IMG_2475.jpg,1,0,0,0,0,0
IMG_2513.jpg,0,0,0,1,0,0
IMG_0556.jpg,1,0,0,0,0,0
IMG_1569.jpg,0,0,0,1,0,0
IMG_1881.jpg,1,0,0,0,0,0
IMG_2834.jpg,0,0,0,1,0,0
IMG_1646.jpg,1,0,0,0,0,0
IMG_0823.jpg,1,0,0,0,0,0
IMG_1928.jpg,0,0,0,0,0,1
IMG_1902.jpg,0,0,0,0,1,0
IMG_2082.jpg,0,1,0,0,0,0
IMG_1383.jpg,0,0,1,0,0,0
IMG_1407.jpg,0,0,0,0,0,1
IMG_1220.jpg,0,0,0,0,0,1
IMG_2610.jpg,0,0,1,0,0,0
IMG_0168.jpg,0,0,1,0,0,0
IMG_0513.jpg,0,0,0,0,0,1
IMG_2642.jpg,0,1,0,0,0,0
IMG_0244.jpg,1,0,0,0,0,0
IMG_1019.jpg,1,0,0,0,0,0
IMG_0699.jpg,0,1,0,0,0,0
IMG_0452.jpg,0,0,0,0,0,1
IMG_2883.jpg,0,1,0,0,0,0
IMG_0960.jpg,0,1,0,0,0,0
IMG_2835.jpg,0,0,0,1,0,0
IMG_0369.jpg,0,1,0,0,0,0
IMG_2247.jpg,0,0,0,1,0,0
IMG_0663.jpg,0,0,0,0,0,1
IMG_0631.jpg,1,0,0,0,0,0
IMG_2550.jpg,0,0,0,1,0,0
IMG_1140.jpg,0,0,0,0,0,1
IMG_0327.jpg,1,0,0,0,0,0
IMG_2285.jpg,0,0,0,0,1,0
IMG_2152.jpg,0,0,1,0,0,0
IMG_0389.jpg,1,0,0,0,0,0
IMG_0248.jpg,1,0,0,0,0,0
IMG_0209.jpg,1,0,0,0,0,0
IMG_1072.jpg,1,0,0,0,0,0
IMG_1973.jpg,0,0,0,0,1,0
IMG_2448.jpg,0,1,0,0,0,0
IMG_2031.jpg,1,0,0,0,0,0
IMG_0876.jpg,0,0,0,0,0,1
IMG_1649.jpg,0,0,0,0,0,1
IMG_2537.jpg,1,0,0,0,0,0
IMG_1861.jpg,0,1,0,0,0,0
IMG_0159.jpg,1,0,0,0,0,0
IMG_0837.jpg,0,1,0,0,0,0
IMG_0432.jpg,0,0,0,0,0,1
IMG_1160.jpg,0,1,0,0,0,0
IMG_0425.jpg,1,0,0,0,0,0
IMG_2394.jpg,1,0,0,0,0,0
IMG_0489.jpg,0,0,0,1,0,0
IMG_0488.jpg,0,0,0,0,1,0
IMG_0924.jpg,0,1,0,0,0,0
IMG_0862.jpg,0,0,0,0,0,1
IMG_0623.jpg,1,0,0,0,0,0
IMG_2483.jpg,1,0,0,0,0,0
IMG_2690.jpg,1,0,0,0,0,0
IMG_0654.jpg,1,0,0,0,0,0
IMG_0930.jpg,0,0,0,0,0,1
IMG_1534.jpg,1,0,0,0,0,0
IMG_0759.jpg,0,0,0,0,0,1
IMG_1271.jpg,0,1,0,0,0,0
IMG_0673.jpg,0,0,0,0,0,1
IMG_0186.jpg,0,0,0,0,1,0
IMG_0846.jpg,0,0,0,0,0,1
IMG_1472.jpg,0,0,0,0,0,1
IMG_1313.jpg,0,0,0,0,0,1
IMG_2040.jpg,0,0,0,0,0,1
IMG_2063.jpg,0,0,0,0,1,0
IMG_0056.jpg,0,0,1,0,0,0
IMG_2196.jpg,0,0,0,1,0,0
IMG_1721.jpg,0,1,0,0,0,0
IMG_1314.jpg,0,0,0,0,0,1
IMG_0494.jpg,0,1,0,0,0,0
IMG_1535.jpg,1,0,0,0,0,0
IMG_0596.jpg,1,0,0,0,0,0
IMG_1722.jpg,1,0,0,0,0,0
IMG_1572.jpg,0,0,0,0,0,1
IMG_0500.jpg,0,1,0,0,0,0
IMG_1515.jpg,0,0,0,0,0,1
IMG_0300.jpg,0,0,1,0,0,0
IMG_2268.jpg,0,0,0,1,0,0
IMG_2720.jpg,0,0,0,1,0,0
IMG_0191.jpg,0,1,0,0,0,0
IMG_0680.jpg,0,0,0,0,0,1
IMG_2751.jpg,1,0,0,0,0,0
IMG_0514.jpg,1,0,0,0,0,0
IMG_1696.jpg,0,0,0,0,1,0
IMG_1212.jpg,0,0,0,0,0,1
IMG_1205.jpg,0,0,0,0,0,1
IMG_1980.jpg,0,1,0,0,0,0
IMG_0078.jpg,0,1,0,0,0,0
IMG_0666.jpg,1,0,0,0,0,0
IMG_0192.jpg,0,1,0,0,0,0
IMG_0495.jpg,0,1,0,0,0,0
IMG_2657.jpg,1,0,0,0,0,0
IMG_1109.jpg,0,0,0,0,0,1
IMG_3003.jpg,0,0,0,0,1,0
IMG_1161.jpg,0,0,0,0,0,1
IMG_0024.jpg,0,0,0,1,0,0
IMG_1767.jpg,1,0,0,0,0,0
IMG_2055.jpg,1,0,0,0,0,0
IMG_1862.jpg,1,0,0,0,0,0
IMG_0453.jpg,0,0,0,0,0,1
IMG_0648.jpg,1,0,0,0,0,0
IMG_2796.jpg,0,0,1,0,0,0
IMG_1986.jpg,0,0,0,0,0,1
IMG_0800.jpg,0,0,0,0,0,1
IMG_1792.jpg,0,0,0,0,1,0
IMG_2918.jpg,0,0,0,1,0,0
IMG_1850.jpg,0,1,0,0,0,0
IMG_0245.jpg,1,0,0,0,0,0
IMG_0339.jpg,0,0,0,1,0,0
IMG_1010.jpg,0,1,0,0,0,0
IMG_1757.jpg,1,0,0,0,0,0
IMG_2283.jpg,0,0,0,0,1,0
IMG_0944.jpg,0,1,0,0,0,0
IMG_0632.jpg,0,1,0,0,0,0
IMG_1697.jpg,0,0,0,0,1,0
IMG_0162.jpg,0,0,0,1,0,0
IMG_1110.jpg,0,1,0,0,0,0
IMG_2012.jpg,0,1,0,0,0,0
IMG_2357.jpg,1,0,0,0,0,0
IMG_0141.jpg,0,0,0,0,1,0
IMG_2064.jpg,1,0,0,0,0,0
IMG_1470.jpg,0,0,0,0,0,1
IMG_2358.jpg,1,0,0,0,0,0
IMG_1320.jpg,0,0,0,0,0,1
IMG_0405.jpg,1,0,0,0,0,0
IMG_2382.jpg,0,0,0,0,1,0
IMG_2271.jpg,0,0,0,1,0,0
IMG_1310.jpg,0,0,0,0,0,1
IMG_2161.jpg,1,0,0,0,0,0
IMG_1668.jpg,0,0,0,0,1,0
IMG_2345.jpg,1,0,0,0,0,0
IMG_1536.jpg,0,1,0,0,0,0
IMG_1800.jpg,0,0,0,0,0,1
IMG_0557.jpg,0,0,0,1,0,0
IMG_1080.jpg,0,0,0,0,1,0
IMG_1420.jpg,0,1,0,0,0,0
IMG_2373.jpg,0,0,0,0,1,0
IMG_0726.jpg,1,0,0,0,0,0
IMG_2211.jpg,1,0,0,0,0,0
IMG_1698.jpg,0,0,0,0,1,0
IMG_2108.jpg,0,0,0,0,0,1
IMG_0972.jpg,0,0,0,0,1,0
IMG_0282.jpg,1,0,0,0,0,0
IMG_1317.jpg,0,0,0,0,0,1
IMG_2187.jpg,0,0,0,1,0,0
IMG_2976.jpg,1,0,0,0,0,0
IMG_2025.jpg,0,0,0,0,0,1
IMG_0681.jpg,0,0,0,0,0,1
IMG_2747.jpg,0,0,0,1,0,0
IMG_2340.jpg,0,0,0,0,1,0
IMG_2109.jpg,0,0,0,0,0,1
IMG_2583.jpg,0,0,0,1,0,0
IMG_2889.jpg,0,0,0,0,1,0
IMG_0973.jpg,0,1,0,0,0,0
IMG_0330.jpg,1,0,0,0,0,0
IMG_2673.jpg,0,0,0,0,1,0
IMG_0396.jpg,1,0,0,0,0,0
IMG_1137.jpg,0,0,0,0,1,0
IMG_0296.jpg,0,0,1,0,0,0
IMG_2046.jpg,0,0,0,0,1,0
IMG_2304.jpg,0,0,0,0,1,0
IMG_2807.jpg,1,0,0,0,0,0
IMG_1430.jpg,0,1,0,0,0,0
IMG_1837.jpg,0,1,0,0,0,0
IMG_1908.jpg,0,1,0,0,0,0
IMG_0087.jpg,1,0,0,0,0,0
IMG_1964.jpg,0,0,0,0,0,1
IMG_1196.jpg,0,1,0,0,0,0
IMG_0219.jpg,1,0,0,0,0,0
IMG_1992.jpg,1,0,0,0,0,0
IMG_1512.jpg,0,0,0,0,0,1
IMG_1224.jpg,0,0,0,0,0,1
IMG_0291.jpg,0,0,1,0,0,0
IMG_2399.jpg,0,0,0,0,1,0
IMG_0387.jpg,0,0,1,0,0,0
IMG_2555.jpg,0,1,0,0,0,0
IMG_0210.jpg,1,0,0,0,0,0
IMG_0129.jpg,0,0,0,1,0,0
IMG_0935.jpg,0,0,0,0,0,1
IMG_0974.jpg,0,0,0,0,0,1
IMG_0781.jpg,0,1,0,0,0,0
IMG_2385.jpg,0,0,0,0,1,0
IMG_1781.jpg,0,1,0,0,0,0
IMG_2514.jpg,0,1,0,0,0,0
IMG_2562.jpg,1,0,0,0,0,0
IMG_2199.jpg,1,0,0,0,0,0
IMG_2758.jpg,0,0,0,1,0,0
IMG_1700.jpg,0,1,0,0,0,0
IMG_2090.jpg,0,1,0,0,0,0
IMG_2430.jpg,1,0,0,0,0,0
IMG_0399.jpg,1,0,0,0,0,0
IMG_1882.jpg,1,0,0,0,0,0
IMG_0351.jpg,0,0,0,1,0,0
IMG_2244.jpg,0,0,0,1,0,0
IMG_1201.jpg,0,0,0,0,0,1
IMG_0558.jpg,0,0,1,0,0,0
IMG_0798.jpg,1,0,0,0,0,0
IMG_0348.jpg,0,0,0,1,0,0
IMG_0249.jpg,1,0,0,0,0,0
IMG_1197.jpg,0,1,0,0,0,0
IMG_2984.jpg,0,0,0,1,0,0
IMG_1249.jpg,0,0,1,0,0,0
IMG_0756.jpg,1,0,0,0,0,0
IMG_2410.jpg,1,0,0,0,0,0
IMG_1125.jpg,0,0,0,1,0,0
IMG_0936.jpg,0,1,0,0,0,0
IMG_1154.jpg,0,0,0,0,0,1
IMG_1371.jpg,0,0,0,0,0,1
IMG_0074.jpg,0,0,1,0,0,0
IMG_0897.jpg,1,0,0,0,0,0
IMG_2786.jpg,0,0,0,0,1,0
IMG_1126.jpg,0,1,0,0,0,0
IMG_2217.jpg,1,0,0,0,0,0
IMG_2643.jpg,0,1,0,0,0,0
IMG_2301.jpg,0,0,0,0,1,0
IMG_2013.jpg,0,1,0,0,0,0
IMG_2949.jpg,1,0,0,0,0,0
IMG_2259.jpg,1,0,0,0,0,0
IMG_2227.jpg,1,0,0,0,0,0
IMG_1187.jpg,0,0,1,0,0,0
IMG_2343.jpg,0,0,0,0,1,0
IMG_0801.jpg,0,0,0,0,0,1
IMG_2100.jpg,0,0,0,0,1,0
IMG_1913.jpg,0,0,0,0,0,1
IMG_1250.jpg,0,0,1,0,0,0
IMG_0297.jpg,0,0,1,0,0,0
IMG_1565.jpg,1,0,0,0,0,0
IMG_0975.jpg,0,1,0,0,0,0
IMG_1548.jpg,0,0,0,0,0,1
IMG_1164.jpg,0,0,0,0,0,1
IMG_2658.jpg,0,1,0,0,0,0
IMG_1863.jpg,0,1,0,0,0,0
IMG_2337.jpg,1,0,0,0,0,0
IMG_2682.jpg,1,0,0,0,0,0
IMG_1680.jpg,0,1,0,0,0,0
IMG_1362.jpg,0,0,0,0,0,1
IMG_0848.jpg,0,1,0,0,0,0
IMG_0863.jpg,1,0,0,0,0,0
IMG_1365.jpg,0,0,0,0,0,1
IMG_2611.jpg,0,0,0,0,1,0
IMG_1838.jpg,0,1,0,0,0,0
IMG_2898.jpg,0,0,0,0,1,0
IMG_2784.jpg,0,0,0,1,0,0
IMG_2400.jpg,0,0,0,0,1,0
IMG_1914.jpg,0,0,0,0,0,1
IMG_0515.jpg,1,0,0,0,0,0
IMG_2951.jpg,0,0,1,0,0,0
IMG_1974.jpg,0,0,0,0,1,0
IMG_2028.jpg,0,0,0,0,1,0
IMG_0849.jpg,0,1,0,0,0,0
IMG_2745.jpg,0,0,0,1,0,0
IMG_1127.jpg,0,0,1,0,0,0
IMG_1587.jpg,0,0,0,0,0,1
IMG_3006.jpg,0,1,0,0,0,0
IMG_0912.jpg,1,0,0,0,0,0
IMG_1221.jpg,0,1,0,0,0,0
IMG_0633.jpg,0,1,0,0,0,0
IMG_1073.jpg,1,0,0,0,0,0
IMG_2597.jpg,0,0,0,1,0,0
IMG_1230.jpg,0,1,0,0,0,0
IMG_0864.jpg,1,0,0,0,0,0
IMG_1919.jpg,1,0,0,0,0,0
IMG_0270.jpg,0,1,0,0,0,0
IMG_0961.jpg,0,0,0,0,1,0
IMG_1506.jpg,0,0,0,0,0,1
IMG_2534.jpg,0,1,0,0,0,0
IMG_2808.jpg,0,0,1,0,0,0
IMG_2091.jpg,0,1,0,0,0,0
IMG_2411.jpg,0,1,0,0,0,0
IMG_1681.jpg,0,1,0,0,0,0
IMG_0057.jpg,0,0,1,0,0,0
IMG_2591.jpg,0,0,0,1,0,0
IMG_1650.jpg,0,0,0,0,0,1
IMG_1770.jpg,1,0,0,0,0,0
IMG_2592.jpg,0,0,0,1,0,0
IMG_0852.jpg,0,0,0,0,0,1
IMG_1215.jpg,0,0,0,0,0,1
IMG_0858.jpg,1,0,0,0,0,0
IMG_2366.jpg,0,0,0,1,0,0
IMG_2502.jpg,0,0,0,1,0,0
IMG_1143.jpg,0,1,0,0,0,0
IMG_1282.jpg,0,0,0,0,0,1
IMG_1839.jpg,1,0,0,0,0,0
IMG_2670.jpg,1,0,0,0,0,0
IMG_2721.jpg,0,0,0,1,0,0
IMG_1682.jpg,0,0,0,0,0,1
IMG_0144.jpg,1,0,0,0,0,0
IMG_2412.jpg,1,0,0,0,0,0
IMG_2787.jpg,0,0,0,0,1,0
IMG_2309.jpg,0,0,0,0,1,0
IMG_1883.jpg,0,0,0,0,1,0
IMG_2738.jpg,1,0,0,0,0,0
IMG_2748.jpg,0,0,0,1,0,0
IMG_2367.jpg,0,1,0,0,0,0
IMG_0027.jpg,1,0,0,0,0,0
IMG_2223.jpg,0,0,0,1,0,0
IMG_0096.jpg,0,0,0,0,1,0
IMG_1527.jpg,1,0,0,0,0,0
IMG_1752.jpg,0,0,0,0,1,0
IMG_2739.jpg,1,0,0,0,0,0
IMG_1202.jpg,0,0,0,0,0,1
IMG_2153.jpg,0,0,0,1,0,0
IMG_1782.jpg,0,1,0,0,0,0
IMG_0426.jpg,1,0,0,0,0,0
IMG_0962.jpg,0,0,1,0,0,0
IMG_2630.jpg,0,1,0,0,0,0
IMG_2162.jpg,0,0,1,0,0,0
IMG_1868.jpg,1,0,0,0,0,0
IMG_1020.jpg,0,1,0,0,0,0
IMG_1473.jpg,0,0,0,0,0,1
IMG_1254.jpg,1,0,0,0,0,0
IMG_1283.jpg,0,1,0,0,0,0
IMG_2041.jpg,0,0,0,0,1,0
IMG_2453.jpg,0,0,0,0,1,0
IMG_0588.jpg,0,1,0,0,0,0
IMG_0597.jpg,0,1,0,0,0,0
IMG_1793.jpg,0,0,0,0,1,0
IMG_1869.jpg,0,0,0,0,0,1
IMG_2286.jpg,0,0,0,0,1,0
IMG_0198.jpg,0,1,0,0,0,0
IMG_0545.jpg,1,0,0,0,0,0
IMG_0466.jpg,0,0,0,0,0,1
IMG_1460.jpg,0,0,0,0,1,0
IMG_1203.jpg,0,1,0,0,0,0
IMG_2703.jpg,0,0,0,1,0,0
IMG_1206.jpg,0,0,0,0,0,1
IMG_2484.jpg,0,0,0,1,0,0
IMG_2438.jpg,0,0,1,0,0,0
IMG_2529.jpg,0,1,0,0,0,0
IMG_2310.jpg,0,0,0,0,1,0
IMG_0324.jpg,1,0,0,0,0,0
IMG_0768.jpg,0,0,0,1,0,0
IMG_2042.jpg,0,1,0,0,0,0
IMG_2904.jpg,0,0,0,0,1,0
IMG_1128.jpg,0,0,0,0,1,0
IMG_0477.jpg,0,1,0,0,0,0
IMG_0393.jpg,1,0,0,0,0,0
IMG_0437.jpg,1,0,0,0,0,0
IMG_0303.jpg,0,0,1,0,0,0
IMG_0749.jpg,0,0,0,0,0,1
IMG_2439.jpg,0,1,0,0,0,0
IMG_1421.jpg,0,1,0,0,0,0
IMG_1038.jpg,0,0,0,0,0,1
IMG_0108.jpg,0,0,0,1,0,0
IMG_2853.jpg,1,0,0,0,0,0
IMG_1596.jpg,0,0,0,0,0,1
IMG_2919.jpg,0,0,0,1,0,0
IMG_1817.jpg,1,0,0,0,0,0
IMG_1272.jpg,0,1,0,0,0,0
IMG_0624.jpg,0,0,0,0,0,1
IMG_2121.jpg,1,0,0,0,0,0
IMG_1391.jpg,0,0,0,0,0,1
IMG_1002.jpg,0,0,0,0,0,1
IMG_0309.jpg,0,0,1,0,0,0
IMG_1828.jpg,0,0,0,0,0,1
IMG_1618.jpg,0,0,0,0,0,1
IMG_2066.jpg,0,1,0,0,0,0
IMG_2553.jpg,1,0,0,0,0,0
IMG_0496.jpg,0,1,0,0,0,0
IMG_2395.jpg,0,0,0,0,1,0
IMG_2035.jpg,0,0,0,0,1,0
IMG_2128.jpg,0,0,0,0,0,1
IMG_0517.jpg,0,0,0,0,0,1
IMG_2554.jpg,1,0,0,0,0,0
IMG_0419.jpg,0,0,0,0,1,0
IMG_1165.jpg,0,1,0,0,0,0
IMG_0121.jpg,0,0,0,1,0,0
IMG_0518.jpg,0,0,0,0,0,1
IMG_1588.jpg,0,0,0,0,0,1
IMG_0376.jpg,0,0,1,0,0,0
IMG_1114.jpg,1,0,0,0,0,0
IMG_0454.jpg,0,0,0,0,0,1
IMG_1870.jpg,1,0,0,0,0,0
IMG_2676.jpg,0,0,0,1,0,0
IMG_0626.jpg,0,0,0,0,1,0
IMG_2014.jpg,0,0,0,0,1,0
IMG_2824.jpg,1,0,0,0,0,0
IMG_1068.jpg,0,1,0,0,0,0
IMG_0650.jpg,0,0,0,0,0,1
IMG_1669.jpg,0,0,0,0,1,0
IMG_2237.jpg,0,0,0,0,1,0
IMG_2999.jpg,0,0,0,1,0,0
IMG_1057.jpg,0,1,0,0,0,0
IMG_2749.jpg,1,0,0,0,0,0
IMG_0076.jpg,0,1,0,0,0,0
IMG_0016.jpg,1,0,0,0,0,0
IMG_0154.jpg,0,0,1,0,0,0
IMG_2593.jpg,0,1,0,0,0,0
IMG_2047.jpg,0,1,0,0,0,0
IMG_1039.jpg,0,1,0,0,0,0
IMG_2491.jpg,1,0,0,0,0,0
IMG_0019.jpg,1,0,0,0,0,0
IMG_2636.jpg,0,0,0,1,0,0
IMG_0046.jpg,0,0,0,1,0,0
IMG_1820.jpg,0,1,0,0,0,0
IMG_2348.jpg,0,0,0,0,1,0
IMG_2201.jpg,0,0,0,0,1,0
IMG_0010.jpg,1,0,0,0,0,0
IMG_1909.jpg,1,0,0,0,0,0
IMG_1148.jpg,0,1,0,0,0,0
IMG_2194.jpg,0,0,0,1,0,0
IMG_2707.jpg,1,0,0,0,0,0
IMG_0104.jpg,0,0,0,0,1,0
IMG_2413.jpg,0,0,0,0,1,0
IMG_0415.jpg,0,0,0,1,0,0
IMG_1141.jpg,0,1,0,0,0,0
IMG_2564.jpg,1,0,0,0,0,0
IMG_1888.jpg,0,1,0,0,0,0
IMG_0310.jpg,0,0,0,1,0,0
IMG_2740.jpg,0,0,0,0,1,0
IMG_2789.jpg,1,0,0,0,0,0
IMG_2202.jpg,0,0,0,0,1,0
IMG_1487.jpg,0,0,0,0,0,1
IMG_1441.jpg,0,0,0,0,0,1
IMG_2311.jpg,0,0,0,0,1,0
IMG_0741.jpg,1,0,0,0,0,0
IMG_0791.jpg,0,1,0,0,0,0
IMG_2980.jpg,1,0,0,0,0,0
IMG_0583.jpg,0,1,0,0,0,0
IMG_1957.jpg,0,0,0,0,0,1
IMG_2449.jpg,0,0,0,0,1,0
IMG_2005.jpg,0,0,0,0,0,1
IMG_1711.jpg,0,0,0,0,1,0
IMG_2923.jpg,0,0,0,1,0,0
IMG_0571.jpg,1,0,0,0,0,0
IMG_2499.jpg,0,0,0,1,0,0
IMG_1528.jpg,0,0,0,1,0,0
IMG_2731.jpg,0,0,1,0,0,0
IMG_0965.jpg,0,1,0,0,0,0
IMG_0235.jpg,1,0,0,0,0,0
IMG_2875.jpg,0,0,0,0,1,0
IMG_1771.jpg,1,0,0,0,0,0
IMG_0899.jpg,0,1,0,0,0,0
IMG_0850.jpg,0,0,0,0,0,1
IMG_1489.jpg,0,0,0,0,0,1
IMG_2281.jpg,0,0,0,0,1,0
IMG_1238.jpg,1,0,0,0,0,0
IMG_2500.jpg,0,1,0,0,0,0
IMG_1600.jpg,0,0,0,0,0,1
IMG_0769.jpg,0,0,0,0,1,0
IMG_1903.jpg,1,0,0,0,0,0
IMG_0954.jpg,0,0,1,0,0,0
IMG_0115.jpg,0,0,0,1,0,0
IMG_1922.jpg,0,1,0,0,0,0
IMG_1829.jpg,0,0,0,0,1,0
IMG_2048.jpg,0,0,0,0,1,0
IMG_2441.jpg,1,0,0,0,0,0
IMG_1483.jpg,0,0,0,0,0,1
IMG_1157.jpg,0,0,0,0,0,1
IMG_1414.jpg,0,0,0,0,0,1
IMG_2230.jpg,1,0,0,0,0,0
IMG_0268.jpg,0,1,0,0,0,0
IMG_1501.jpg,0,0,0,0,0,1
IMG_1843.jpg,0,0,1,0,0,0
IMG_0259.jpg,0,1,0,0,0,0
IMG_2601.jpg,0,0,1,0,0,0
IMG_0470.jpg,0,0,0,0,0,1
IMG_1625.jpg,0,0,0,0,0,1
IMG_1333.jpg,0,0,0,1,0,0
IMG_2450.jpg,0,0,0,0,1,0
IMG_2176.jpg,1,0,0,0,0,0
IMG_2092.jpg,1,0,0,0,0,0
IMG_2428.jpg,1,0,0,0,0,0
IMG_2581.jpg,0,0,0,1,0,0
IMG_2615.jpg,0,0,0,1,0,0
IMG_0502.jpg,0,0,0,0,0,1
IMG_1099.jpg,0,1,0,0,0,0
IMG_0455.jpg,1,0,0,0,0,0
IMG_0592.jpg,0,1,0,0,0,0
IMG_1207.jpg,0,1,0,0,0,0
IMG_0478.jpg,0,0,0,0,1,0
IMG_1174.jpg,0,0,1,0,0,0
IMG_2616.jpg,0,0,0,1,0,0
IMG_1334.jpg,0,0,1,0,0,0
IMG_2825.jpg,1,0,0,0,0,0
IMG_1373.jpg,0,0,1,0,0,0
IMG_1655.jpg,0,0,0,0,0,1
IMG_1723.jpg,0,0,0,0,0,1
IMG_2458.jpg,1,0,0,0,0,0
IMG_0734.jpg,0,1,0,0,0,0
IMG_0803.jpg,0,1,0,0,0,0
IMG_0700.jpg,0,0,0,0,0,1
IMG_0900.jpg,0,1,0,0,0,0
IMG_2947.jpg,1,0,0,0,0,0
IMG_2617.jpg,0,0,0,0,1,0
IMG_1610.jpg,0,0,0,0,0,1
IMG_2294.jpg,0,0,1,0,0,0
IMG_1022.jpg,0,1,0,0,0,0
IMG_1048.jpg,0,1,0,0,0,0
IMG_1510.jpg,0,0,0,0,0,1
IMG_2565.jpg,0,1,0,0,0,0
IMG_2896.jpg,0,0,0,0,1,0
IMG_2359.jpg,0,0,0,0,1,0
IMG_1484.jpg,0,0,0,0,0,1
IMG_1142.jpg,0,1,0,0,0,0
IMG_1521.jpg,0,1,0,0,0,0
IMG_0901.jpg,0,0,0,0,0,1
IMG_0043.jpg,0,1,0,0,0,0
IMG_2732.jpg,0,0,1,0,0,0
IMG_1775.jpg,0,0,0,0,0,1
IMG_2996.jpg,1,0,0,0,0,0
IMG_2317.jpg,1,0,0,0,0,0
IMG_2854.jpg,0,0,0,1,0,0
IMG_0565.jpg,0,0,0,0,0,1
IMG_0982.jpg,0,0,0,0,0,1
IMG_0535.jpg,1,0,0,0,0,0
IMG_1049.jpg,0,1,0,0,0,0
IMG_2333.jpg,0,0,0,1,0,0
IMG_0735.jpg,0,1,0,0,0,0
IMG_1702.jpg,0,0,0,0,0,1
IMG_0667.jpg,0,0,0,0,0,1
IMG_2584.jpg,0,0,1,0,0,0
IMG_2572.jpg,0,1,0,0,0,0
IMG_0634.jpg,1,0,0,0,0,0
IMG_0926.jpg,1,0,0,0,0,0
IMG_0362.jpg,0,0,0,1,0,0
IMG_2067.jpg,1,0,0,0,0,0
IMG_2314.jpg,0,0,0,0,1,0
IMG_0328.jpg,1,0,0,0,0,0
IMG_2956.jpg,0,0,0,1,0,0
IMG_0136.jpg,1,0,0,0,0,0
IMG_1023.jpg,0,1,0,0,0,0
IMG_0955.jpg,0,1,0,0,0,0
IMG_2006.jpg,1,0,0,0,0,0
IMG_1853.jpg,1,0,0,0,0,0
IMG_1984.jpg,0,0,0,0,0,1
IMG_2299.jpg,0,0,0,0,1,0
IMG_0137.jpg,1,0,0,0,0,0
IMG_1830.jpg,0,0,0,0,1,0
IMG_0355.jpg,0,0,0,1,0,0
IMG_2489.jpg,1,0,0,0,0,0
IMG_1864.jpg,1,0,0,0,0,0
IMG_0445.jpg,0,1,0,0,0,0
IMG_1447.jpg,0,0,0,0,0,1
IMG_1113.jpg,0,1,0,0,0,0
IMG_2026.jpg,0,0,0,0,1,0
IMG_1295.jpg,0,1,0,0,0,0
IMG_1354.jpg,0,0,0,0,0,1
IMG_1129.jpg,0,0,0,0,0,1
IMG_1411.jpg,0,0,0,0,0,1
IMG_2637.jpg,1,0,0,0,0,0
IMG_0661.jpg,0,0,0,0,0,1
IMG_2350.jpg,0,0,0,0,1,0
IMG_0915.jpg,1,0,0,0,0,0
IMG_1831.jpg,0,0,0,0,1,0
IMG_2254.jpg,0,0,0,1,0,0
IMG_0406.jpg,0,1,0,0,0,0
IMG_0508.jpg,0,0,0,0,0,1
IMG_1225.jpg,0,0,0,0,0,1
IMG_1724.jpg,1,0,0,0,0,0
IMG_2518.jpg,0,0,0,1,0,0
IMG_0429.jpg,0,0,0,0,0,1
IMG_2768.jpg,0,0,1,0,0,0
IMG_1522.jpg,0,0,0,0,0,1
IMG_2245.jpg,0,0,0,1,0,0
IMG_0851.jpg,0,0,0,0,0,1
IMG_1239.jpg,0,1,0,0,0,0
IMG_2602.jpg,1,0,0,0,0,0
IMG_0692.jpg,0,0,0,0,0,1
IMG_1296.jpg,0,0,0,1,0,0
IMG_0202.jpg,0,0,0,1,0,0
IMG_0799.jpg,0,0,0,0,0,1
IMG_3000.jpg,0,0,0,1,0,0
IMG_0947.jpg,0,1,0,0,0,0
IMG_1529.jpg,0,0,0,1,0,0
IMG_0530.jpg,0,0,0,0,0,1
IMG_1396.jpg,0,0,0,0,0,1
IMG_0400.jpg,1,0,0,0,0,0
IMG_2290.jpg,0,0,0,0,1,0
IMG_1559.jpg,0,1,0,0,0,0
IMG_1363.jpg,0,0,0,0,0,1
IMG_1942.jpg,0,1,0,0,0,0
IMG_2566.jpg,0,0,1,0,0,0
IMG_1312.jpg,0,0,0,0,0,1
IMG_2971.jpg,0,0,0,1,0,0
IMG_0370.jpg,0,0,1,0,0,0
IMG_1275.jpg,0,1,0,0,0,0
IMG_0329.jpg,1,0,0,0,0,0
IMG_2741.jpg,0,0,0,1,0,0
IMG_2644.jpg,1,0,0,0,0,0
IMG_1999.jpg,1,0,0,0,0,0
IMG_1759.jpg,0,0,0,0,0,1
IMG_2890.jpg,0,0,0,0,1,0
IMG_2542.jpg,0,1,0,0,0,0
IMG_1516.jpg,0,0,0,1,0,0
IMG_0352.jpg,0,0,0,1,0,0
IMG_1730.jpg,0,1,0,0,0,0
IMG_0792.jpg,1,0,0,0,0,0
IMG_1088.jpg,0,1,0,0,0,0
IMG_0531.jpg,1,0,0,0,0,0
IMG_0978.jpg,0,0,0,0,0,1
IMG_1712.jpg,0,1,0,0,0,0
IMG_1442.jpg,0,0,0,0,0,1
IMG_2959.jpg,1,0,0,0,0,0
IMG_2049.jpg,1,0,0,0,0,0
IMG_0995.jpg,0,0,0,0,0,1
IMG_1738.jpg,1,0,0,0,0,0
IMG_2129.jpg,0,1,0,0,0,0
IMG_2798.jpg,1,0,0,0,0,0
IMG_1994.jpg,0,0,0,1,0,0
IMG_1166.jpg,0,1,0,0,0,0
IMG_1523.jpg,0,1,0,0,0,0
IMG_1024.jpg,0,0,0,0,0,1
IMG_2459.jpg,0,1,0,0,0,0
IMG_2683.jpg,0,0,0,1,0,0
IMG_0559.jpg,0,1,0,0,0,0
IMG_1468.jpg,0,0,0,0,0,1
IMG_0956.jpg,0,0,0,0,1,0
IMG_2103.jpg,0,1,0,0,0,0
IMG_1676.jpg,0,0,0,0,0,1
IMG_1916.jpg,1,0,0,0,0,0
IMG_1923.jpg,1,0,0,0,0,0
IMG_1231.jpg,0,1,0,0,0,0
IMG_0877.jpg,1,0,0,0,0,0
IMG_3001.jpg,0,0,0,0,1,0
IMG_0439.jpg,0,0,0,0,0,1
IMG_1167.jpg,0,1,0,0,0,0
IMG_2167.jpg,1,0,0,0,0,0
IMG_1030.jpg,0,1,0,0,0,0
IMG_2263.jpg,0,0,0,1,0,0
IMG_1934.jpg,1,0,0,0,0,0
IMG_1058.jpg,0,0,0,0,0,1
IMG_0028.jpg,0,1,0,0,0,0
IMG_0916.jpg,0,0,0,0,0,1
IMG_1089.jpg,0,0,0,0,0,1
IMG_1626.jpg,0,0,0,0,0,1
IMG_2203.jpg,1,0,0,0,0,0
IMG_2157.jpg,1,0,0,0,0,0
IMG_2920.jpg,0,0,1,0,0,0
IMG_2645.jpg,0,0,0,1,0,0
IMG_2112.jpg,0,0,0,0,0,1
IMG_2422.jpg,1,0,0,0,0,0
IMG_2212.jpg,0,0,0,1,0,0
IMG_2398.jpg,0,0,0,0,1,0
IMG_0122.jpg,0,0,0,1,0,0
IMG_2792.jpg,1,0,0,0,0,0
IMG_1951.jpg,1,0,0,0,0,0
IMG_0892.jpg,1,0,0,0,0,0
IMG_1640.jpg,1,0,0,0,0,0
IMG_0684.jpg,0,1,0,0,0,0
IMG_0089.jpg,0,0,0,1,0,0
IMG_2941.jpg,0,0,1,0,0,0
IMG_2305.jpg,0,0,0,0,1,0
IMG_2891.jpg,0,0,0,0,1,0
IMG_0957.jpg,0,0,0,1,0,0
IMG_2406.jpg,0,0,0,0,1,0
IMG_0560.jpg,1,0,0,0,0,0
IMG_0668.jpg,1,0,0,0,0,0
IMG_1261.jpg,0,1,0,0,0,0
IMG_2000.jpg,0,0,0,0,1,0
IMG_0908.jpg,0,0,0,0,0,1
IMG_0116.jpg,0,0,0,1,0,0
IMG_2137.jpg,0,0,0,0,1,0
IMG_2007.jpg,0,0,0,0,0,1
IMG_2351.jpg,1,0,0,0,0,0
IMG_0701.jpg,0,1,0,0,0,0
IMG_1943.jpg,0,1,0,0,0,0
IMG_1006.jpg,0,1,0,0,0,0
IMG_1910.jpg,1,0,0,0,0,0
IMG_2860.jpg,0,0,0,0,1,0
IMG_2122.jpg,0,0,0,0,1,0
IMG_1240.jpg,0,0,0,1,0,0
IMG_0067.jpg,0,1,0,0,0,0
IMG_0224.jpg,1,0,0,0,0,0
IMG_0593.jpg,0,0,0,0,0,1
IMG_0007.jpg,1,0,0,0,0,0
IMG_0827.jpg,0,0,0,1,0,0
IMG_2460.jpg,0,0,0,1,0,0
IMG_1374.jpg,1,0,0,0,0,0
IMG_2567.jpg,0,1,0,0,0,0
IMG_1579.jpg,0,0,0,0,0,1
IMG_1385.jpg,0,0,0,0,0,1
IMG_0881.jpg,0,0,0,0,1,0
IMG_0038.jpg,0,0,0,1,0,0
IMG_1996.jpg,0,0,0,0,0,1
IMG_0594.jpg,1,0,0,0,0,0
IMG_2815.jpg,0,0,0,1,0,0
IMG_0059.jpg,1,0,0,0,0,0
IMG_1975.jpg,1,0,0,0,0,0
IMG_2974.jpg,1,0,0,0,0,0
IMG_0932.jpg,0,0,0,0,0,1
IMG_0874.jpg,0,0,0,0,0,1
IMG_2908.jpg,1,0,0,0,0,0
IMG_1375.jpg,0,1,0,0,0,0
IMG_0271.jpg,0,1,0,0,0,0
IMG_1153.jpg,0,0,0,0,0,1
IMG_2168.jpg,1,0,0,0,0,0
IMG_2776.jpg,0,0,0,1,0,0
IMG_0374.jpg,0,0,1,0,0,0
IMG_2828.jpg,1,0,0,0,0,0
IMG_1670.jpg,0,0,0,0,0,1
IMG_1594.jpg,0,0,0,0,0,1
IMG_0727.jpg,0,0,0,0,0,1
IMG_2836.jpg,0,0,0,1,0,0
IMG_2519.jpg,0,0,0,1,0,0
IMG_2816.jpg,0,0,0,1,0,0
IMG_0503.jpg,0,1,0,0,0,0
IMG_2695.jpg,0,0,0,1,0,0
IMG_1661.jpg,1,0,0,0,0,0
IMG_0610.jpg,0,1,0,0,0,0
IMG_0693.jpg,0,1,0,0,0,0
IMG_1877.jpg,0,0,0,0,1,0
IMG_1025.jpg,0,0,0,0,0,1
IMG_1981.jpg,1,0,0,0,0,0
IMG_1192.jpg,0,0,0,0,0,1
IMG_1537.jpg,0,0,0,0,0,1
IMG_0386.jpg,0,0,1,0,0,0
IMG_1935.jpg,1,0,0,0,0,0
IMG_2391.jpg,0,0,0,1,0,0
IMG_2204.jpg,0,1,0,0,0,0
IMG_1144.jpg,0,0,0,0,0,1
IMG_1507.jpg,0,0,0,0,0,1
IMG_2881.jpg,0,1,0,0,0,0
IMG_1226.jpg,0,1,0,0,0,0
IMG_1007.jpg,0,1,0,0,0,0
IMG_2987.jpg,0,0,0,1,0,0
IMG_1924.jpg,0,1,0,0,0,0
IMG_2520.jpg,0,0,0,0,1,0
IMG_0721.jpg,1,0,0,0,0,0
IMG_2558.jpg,0,0,0,1,0,0
IMG_1175.jpg,1,0,0,0,0,0
IMG_0031.jpg,1,0,0,0,0,0
IMG_2769.jpg,0,0,0,1,0,0
IMG_0786.jpg,0,1,0,0,0,0
IMG_2461.jpg,1,0,0,0,0,0
IMG_2001.jpg,0,0,0,0,1,0
IMG_2492.jpg,1,0,0,0,0,0
IMG_1481.jpg,0,0,0,0,0,1
IMG_1360.jpg,0,0,0,0,0,1
IMG_2960.jpg,1,0,0,0,0,0
IMG_1094.jpg,0,0,0,0,0,1
IMG_0397.jpg,1,0,0,0,0,0
IMG_0787.jpg,0,0,0,0,0,1
IMG_0577.jpg,1,0,0,0,0,0
IMG_0572.jpg,1,0,0,0,0,0
IMG_2158.jpg,1,0,0,0,0,0
IMG_1328.jpg,0,0,0,0,0,1
IMG_2638.jpg,0,1,0,0,0,0
IMG_0155.jpg,0,0,1,0,0,0
IMG_2174.jpg,1,0,0,0,0,0
IMG_2929.jpg,0,1,0,0,0,0
IMG_0416.jpg,0,0,0,1,0,0
IMG_2250.jpg,0,0,0,0,1,0
IMG_2872.jpg,0,0,0,0,1,0
IMG_2191.jpg,0,0,0,0,1,0
IMG_2033.jpg,1,0,0,0,0,0
IMG_2334.jpg,0,0,0,1,0,0
IMG_1100.jpg,0,1,0,0,0,0
IMG_2954.jpg,0,0,0,0,1,0
IMG_1145.jpg,0,0,0,0,0,1
IMG_0642.jpg,0,0,0,0,0,1
IMG_2378.jpg,1,0,0,0,0,0
IMG_1386.jpg,1,0,0,0,0,0
IMG_0736.jpg,0,0,0,0,0,1
IMG_0776.jpg,1,0,0,0,0,0
IMG_0611.jpg,0,0,0,0,0,1
IMG_0479.jpg,0,0,0,1,0,0
IMG_1012.jpg,0,0,1,0,0,0
IMG_1968.jpg,0,1,0,0,0,0
IMG_2349.jpg,0,0,0,0,1,0
IMG_1747.jpg,0,0,0,0,0,1
IMG_2945.jpg,1,0,0,0,0,0
IMG_2315.jpg,0,0,0,0,1,0
IMG_2057.jpg,0,0,0,0,1,0
IMG_0532.jpg,1,0,0,0,0,0
IMG_1713.jpg,0,0,0,0,0,1
IMG_1790.jpg,0,0,0,0,0,1
IMG_2096.jpg,1,0,0,0,0,0
IMG_0612.jpg,0,0,0,0,0,1
IMG_2981.jpg,1,0,0,0,0,0
IMG_0601.jpg,1,0,0,0,0,0
IMG_0456.jpg,0,1,0,0,0,0
IMG_2905.jpg,0,0,0,0,1,0
IMG_2651.jpg,0,1,0,0,0,0
IMG_2585.jpg,0,0,1,0,0,0
IMG_1703.jpg,0,1,0,0,0,0
IMG_1560.jpg,0,1,0,0,0,0
IMG_1871.jpg,1,0,0,0,0,0
IMG_0715.jpg,1,0,0,0,0,0
IMG_2809.jpg,0,0,0,0,1,0
IMG_2341.jpg,0,0,0,0,1,0
IMG_2618.jpg,0,1,0,0,0,0
IMG_0841.jpg,1,0,0,0,0,0
